{
  "metric_schema": "detection",
  "run_name": "p3tv_yolov8s_640_s42_e30nv",
  "branch": "one_stage",
  "candidate": "yolov8s",
  "checkpoint": "last",
  "weight_path": "/workspace/brand-new-yolo/runs/detect/runs/e0/p3tv_yolov8s_640_s42_e30nv/weights/last.pt",
  "split": "test",
  "optimized_conf": 0.1,
  "precision": 0.4940450122184307,
  "recall": 0.5757014600389462,
  "f1": 0.5317567147642411,
  "map50": 0.4962103316053142,
  "map50_95": 0.2600389381628038,
  "accuracy": 0.6509500351864884,
  "support_total": 2842,
  "predicted_total": 5056,
  "missed_gt_total": 422,
  "false_positive_total": 2636,
  "macro_avg": {
    "precision": 0.40370303100064986,
    "recall": 0.6162232088158924,
    "f1": 0.4811952816819749
  },
  "weighted_avg": {
    "precision": 0.37422771575659913,
    "recall": 0.6509500351864884,
    "f1": 0.46845236086130937
  },
  "per_class": [
    {
      "class_idx": 0,
      "class_name": "B1",
      "precision": 0.6237623762376238,
      "recall": 0.75,
      "f1": 0.681081081081081,
      "support": 336,
      "predicted": 404,
      "true_positive": 252,
      "false_positive": 152,
      "false_negative": 84,
      "missed_gt": 25,
      "map50": 0.7995233411022324,
      "map50_95": 0.47627618431655494,
      "ultralytics_precision": 0.7065038875427954,
      "ultralytics_recall": 0.7678571428571429
    },
    {
      "class_idx": 1,
      "class_name": "B2",
      "precision": 0.35336538461538464,
      "recall": 0.47572815533980584,
      "f1": 0.4055172413793104,
      "support": 618,
      "predicted": 832,
      "true_positive": 294,
      "false_positive": 538,
      "false_negative": 324,
      "missed_gt": 77,
      "map50": 0.3495776481895636,
      "map50_95": 0.18266122779852095,
      "ultralytics_precision": 0.4051623872757338,
      "ultralytics_recall": 0.45145631067961167
    },
    {
      "class_idx": 2,
      "class_name": "B3",
      "precision": 0.36096895257591266,
      "recall": 0.7877885331347729,
      "f1": 0.49508656995788486,
      "support": 1343,
      "predicted": 2931,
      "true_positive": 1058,
      "false_positive": 1873,
      "false_negative": 285,
      "missed_gt": 195,
      "map50": 0.5131249458562519,
      "map50_95": 0.24434510429473533,
      "ultralytics_precision": 0.4687999360823694,
      "ultralytics_recall": 0.731198808637379
    },
    {
      "class_idx": 3,
      "class_name": "B4",
      "precision": 0.27671541057367827,
      "recall": 0.45137614678899085,
      "f1": 0.3430962343096234,
      "support": 545,
      "predicted": 889,
      "true_positive": 246,
      "false_positive": 643,
      "false_negative": 299,
      "missed_gt": 125,
      "map50": 0.3226153912732089,
      "map50_95": 0.13687323624140396,
      "ultralytics_precision": 0.39571383797282444,
      "ultralytics_recall": 0.3522935779816514
    }
  ],
  "confusion_matrix": {
    "classes": [
      "B1",
      "B2",
      "B3",
      "B4"
    ],
    "counts": [
      [
        252,
        57,
        2,
        0
      ],
      [
        13,
        294,
        229,
        5
      ],
      [
        0,
        41,
        1058,
        49
      ],
      [
        0,
        3,
        171,
        246
      ]
    ],
    "row_normalized": [
      {
        "pred_0": 0.75,
        "pred_1": 0.16964285714285715,
        "pred_2": 0.005952380952380952,
        "pred_3": 0.0,
        "missed_gt": 0.0744047619047619
      },
      {
        "pred_0": 0.021035598705501618,
        "pred_1": 0.47572815533980584,
        "pred_2": 0.3705501618122977,
        "pred_3": 0.008090614886731391,
        "missed_gt": 0.12459546925566344
      },
      {
        "pred_0": 0.0,
        "pred_1": 0.03052866716306776,
        "pred_2": 0.7877885331347729,
        "pred_3": 0.03648548026805659,
        "missed_gt": 0.14519731943410275
      },
      {
        "pred_0": 0.0,
        "pred_1": 0.005504587155963303,
        "pred_2": 0.3137614678899083,
        "pred_3": 0.45137614678899085,
        "missed_gt": 0.22935779816513763
      }
    ],
    "missed_by_class": {
      "B1": 25,
      "B2": 77,
      "B3": 195,
      "B4": 125
    },
    "false_positive_by_class": {
      "B1": 139,
      "B2": 437,
      "B3": 1471,
      "B4": 589
    },
    "largest_confusions": [
      {
        "true_class": "B2",
        "pred_class": "B3",
        "count": 229
      },
      {
        "true_class": "B4",
        "pred_class": "B3",
        "count": 171
      },
      {
        "true_class": "B1",
        "pred_class": "B2",
        "count": 57
      },
      {
        "true_class": "B3",
        "pred_class": "B4",
        "count": 49
      },
      {
        "true_class": "B3",
        "pred_class": "B2",
        "count": 41
      },
      {
        "true_class": "B2",
        "pred_class": "B1",
        "count": 13
      }
    ]
  },
  "top_errors": [
    {
      "image_path": "/workspace/Dataset-Sawit-YOLO/images/test/DAMIMAS_A21B_0075_2.jpg",
      "tp": 2,
      "confusions": 5,
      "missed_gt": 0,
      "false_positive": 12,
      "error_score": 22,
      "categories": "B2_B3_confusion;B3_B4_confusion;false_positive",
      "branch": "one_stage",
      "candidate": "yolov8s",
      "checkpoint": "last",
      "split": "test"
    },
    {
      "image_path": "/workspace/Dataset-Sawit-YOLO/images/test/DAMIMAS_A21B_0107_1.jpg",
      "tp": 2,
      "confusions": 3,
      "missed_gt": 3,
      "false_positive": 10,
      "error_score": 22,
      "categories": "B2_B3_confusion;B3_B4_confusion;false_positive",
      "branch": "one_stage",
      "candidate": "yolov8s",
      "checkpoint": "last",
      "split": "test"
    },
    {
      "image_path": "/workspace/Dataset-Sawit-YOLO/images/test/DAMIMAS_A21B_0236_4.jpg",
      "tp": 1,
      "confusions": 4,
      "missed_gt": 1,
      "false_positive": 11,
      "error_score": 21,
      "categories": "B2_B3_confusion;B3_B4_confusion;false_positive",
      "branch": "one_stage",
      "candidate": "yolov8s",
      "checkpoint": "last",
      "split": "test"
    },
    {
      "image_path": "/workspace/Dataset-Sawit-YOLO/images/test/DAMIMAS_A21B_0423_1.jpg",
      "tp": 0,
      "confusions": 2,
      "missed_gt": 4,
      "false_positive": 9,
      "error_score": 21,
      "categories": "B2_B3_confusion;B4_missed;false_positive",
      "branch": "one_stage",
      "candidate": "yolov8s",
      "checkpoint": "last",
      "split": "test"
    },
    {
      "image_path": "/workspace/Dataset-Sawit-YOLO/images/test/DAMIMAS_A21B_0508_1.jpg",
      "tp": 2,
      "confusions": 3,
      "missed_gt": 2,
      "false_positive": 9,
      "error_score": 19,
      "categories": "B2_B3_confusion;B3_B4_confusion;false_positive",
      "branch": "one_stage",
      "candidate": "yolov8s",
      "checkpoint": "last",
      "split": "test"
    },
    {
      "image_path": "/workspace/Dataset-Sawit-YOLO/images/test/DAMIMAS_A21B_0075_4.jpg",
      "tp": 5,
      "confusions": 2,
      "missed_gt": 2,
      "false_positive": 11,
      "error_score": 19,
      "categories": "B2_B3_confusion;B3_B4_confusion;B4_missed;false_positive",
      "branch": "one_stage",
      "candidate": "yolov8s",
      "checkpoint": "last",
      "split": "test"
    },
    {
      "image_path": "/workspace/Dataset-Sawit-YOLO/images/test/DAMIMAS_A21B_0075_3.jpg",
      "tp": 3,
      "confusions": 4,
      "missed_gt": 1,
      "false_positive": 8,
      "error_score": 18,
      "categories": "B2_B3_confusion;B3_B4_confusion;false_positive",
      "branch": "one_stage",
      "candidate": "yolov8s",
      "checkpoint": "last",
      "split": "test"
    },
    {
      "image_path": "/workspace/Dataset-Sawit-YOLO/images/test/DAMIMAS_A21B_0410_2.jpg",
      "tp": 4,
      "confusions": 2,
      "missed_gt": 2,
      "false_positive": 10,
      "error_score": 18,
      "categories": "B3_B4_confusion;false_positive",
      "branch": "one_stage",
      "candidate": "yolov8s",
      "checkpoint": "last",