{
  "metric_schema": "detection",
  "run_name": "p3os_yolov8s_640_s42_e60fix",
  "branch": "one_stage",
  "candidate": "yolov8s",
  "checkpoint": "last",
  "weight_path": "/workspace/brand-new-yolo/runs/detect/runs/e0/p3os_yolov8s_640_s42_e60fix/weights/last.pt",
  "split": "test",
  "optimized_conf": 0.2,
  "precision": 0.46258145527555866,
  "recall": 0.5431034290444747,
  "f1": 0.49961887364430524,
  "map50": 0.4621218196199782,
  "map50_95": 0.23784208588504666,
  "accuracy": 0.5552427867698804,
  "support_total": 2842,
  "predicted_total": 3583,
  "missed_gt_total": 618,
  "false_positive_total": 1359,
  "macro_avg": {
    "precision": 0.46656108499438453,
    "recall": 0.5158372856117608,
    "f1": 0.4839385025220607
  },
  "weighted_avg": {
    "precision": 0.44229138593877865,
    "recall": 0.5552427867698804,
    "f1": 0.4857101243871921
  },
  "per_class": [
    {
      "class_idx": 0,
      "class_name": "B1",
      "precision": 0.6996699669966997,
      "recall": 0.6309523809523809,
      "f1": 0.6635367762128326,
      "support": 336,
      "predicted": 303,
      "true_positive": 212,
      "false_positive": 91,
      "false_negative": 124,
      "missed_gt": 37,
      "map50": 0.7103587588958908,
      "map50_95": 0.4227520213044903,
      "ultralytics_precision": 0.6882716049382716,
      "ultralytics_recall": 0.6636904761904762
    },
    {
      "class_idx": 1,
      "class_name": "B2",
      "precision": 0.3884430176565008,
      "recall": 0.39158576051779936,
      "f1": 0.39000805801772764,
      "support": 618,
      "predicted": 623,
      "true_positive": 242,
      "false_positive": 381,
      "false_negative": 376,
      "missed_gt": 108,
      "map50": 0.3490090765353878,
      "map50_95": 0.17934053257133303,
      "ultralytics_precision": 0.39618164718695503,
      "ultralytics_recall": 0.4320388349514563
    },
    {
      "class_idx": 2,
      "class_name": "B3",
      "precision": 0.4483253588516746,
      "recall": 0.6976917349218168,
      "f1": 0.5458782406058841,
      "support": 1343,
      "predicted": 2090,
      "true_positive": 937,
      "false_positive": 1153,
      "false_negative": 406,
      "missed_gt": 290,
      "map50": 0.4962906669183368,
      "map50_95": 0.23084528799408743,
      "ultralytics_precision": 0.4456856064257814,
      "ultralytics_recall": 0.7170513775130305
    },
    {
      "class_idx": 3,
      "class_name": "B4",
      "precision": 0.3298059964726631,
      "recall": 0.3431192660550459,
      "f1": 0.3363309352517986,
      "support": 545,
      "predicted": 567,
      "true_positive": 187,
      "false_positive": 380,
      "false_negative": 358,
      "missed_gt": 183,
      "map50": 0.2928287761302975,
      "map50_95": 0.11843050167027605,
      "ultralytics_precision": 0.32018696255122653,
      "ultralytics_recall": 0.3596330275229358
    }
  ],
  "confusion_matrix": {
    "classes": [
      "B1",
      "B2",
      "B3",
      "B4"
    ],
    "counts": [
      [
        212,
        86,
        1,
        0
      ],
      [
        14,
        242,
        246,
        8
      ],
      [
        1,
        49,
        937,
        66
      ],
      [
        0,
        2,
        173,
        187
      ]
    ],
    "row_normalized": [
      {
        "pred_0": 0.6309523809523809,
        "pred_1": 0.25595238095238093,
        "pred_2": 0.002976190476190476,
        "pred_3": 0.0,
        "missed_gt": 0.11011904761904762
      },
      {
        "pred_0": 0.022653721682847898,
        "pred_1": 0.39158576051779936,
        "pred_2": 0.39805825242718446,
        "pred_3": 0.012944983818770227,
        "missed_gt": 0.17475728155339806
      },
      {
        "pred_0": 0.0007446016381236039,
        "pred_1": 0.03648548026805659,
        "pred_2": 0.6976917349218168,
        "pred_3": 0.049143708116157855,
        "missed_gt": 0.21593447505584512
      },
      {
        "pred_0": 0.0,
        "pred_1": 0.003669724770642202,
        "pred_2": 0.3174311926605505,
        "pred_3": 0.3431192660550459,
        "missed_gt": 0.3357798165137615
      }
    ],
    "missed_by_class": {
      "B1": 37,
      "B2": 108,
      "B3": 290,
      "B4": 183
    },
    "false_positive_by_class": {
      "B1": 76,
      "B2": 244,
      "B3": 733,
      "B4": 306
    },
    "largest_confusions": [
      {
        "true_class": "B2",
        "pred_class": "B3",
        "count": 246
      },
      {
        "true_class": "B4",
        "pred_class": "B3",
        "count": 173
      },
      {
        "true_class": "B1",
        "pred_class": "B2",
        "count": 86
      },
      {
        "true_class": "B3",
        "pred_class": "B4",
        "count": 66
      },
      {
        "true_class": "B3",
        "pred_class": "B2",
        "count": 49
      },
      {
        "true_class": "B2",
        "pred_class": "B1",
        "count": 14
      }
    ]
  },
  "top_errors": [
    {
      "image_path": "/workspace/Dataset-Sawit-YOLO/images/test/DAMIMAS_A21B_0410_2.jpg",
      "tp": 2,
      "confusions": 2,
      "missed_gt": 4,
      "false_positive": 12,
      "error_score": 24,
      "categories": "B2_B3_confusion;B3_B4_confusion;false_positive",
      "branch": "one_stage",
      "candidate": "yolov8s",
      "checkpoint": "last",
      "split": "test"
    },
    {
      "image_path": "/workspace/Dataset-Sawit-YOLO/images/test/DAMIMAS_A21B_0075_3.jpg",
      "tp": 1,
      "confusions": 5,
      "missed_gt": 2,
      "false_positive": 3,
      "error_score": 17,
      "categories": "B2_B3_confusion;B3_B4_confusion;false_positive",
      "branch": "one_stage",
      "candidate": "yolov8s",
      "checkpoint": "last",
      "split": "test"
    },
    {
      "image_path": "/workspace/Dataset-Sawit-YOLO/images/test/DAMIMAS_A21B_0502_3.jpg",
      "tp": 1,
      "confusions": 1,
      "missed_gt": 5,
      "false_positive": 4,
      "error_score": 16,
      "categories": "B3_B4_confusion;B4_missed;false_positive",
      "branch": "one_stage",
      "candidate": "yolov8s",
      "checkpoint": "last",
      "split": "test"
    },
    {
      "image_path": "/workspace/Dataset-Sawit-YOLO/images/test/DAMIMAS_A21B_0508_1.jpg",
      "tp": 1,
      "confusions": 3,
      "missed_gt": 3,
      "false_positive": 3,
      "error_score": 15,
      "categories": "B2_B3_confusion;false_positive",
      "branch": "one_stage",
      "candidate": "yolov8s",
      "checkpoint": "last",
      "split": "test"
    },
    {
      "image_path": "/workspace/Dataset-Sawit-YOLO/images/test/DAMIMAS_A21B_0382_2.jpg",
      "tp": 2,
      "confusions": 2,
      "missed_gt": 3,
      "false_positive": 5,
      "error_score": 15,
      "categories": "B3_B4_confusion;B4_missed;false_positive",
      "branch": "one_stage",
      "candidate": "yolov8s",
      "checkpoint": "last",
      "split": "test"
    },
    {
      "image_path": "/workspace/Dataset-Sawit-YOLO/images/test/DAMIMAS_A21B_0838_5.jpg",
      "tp": 0,
      "confusions": 0,
      "missed_gt": 6,
      "false_positive": 3,
      "error_score": 15,
      "categories": "B4_missed;false_positive",
      "branch": "one_stage",
      "candidate": "yolov8s",
      "checkpoint": "last",
      "split": "test"
    },
    {
      "image_path": "/workspace/Dataset-Sawit-YOLO/images/test/DAMIMAS_A21B_0382_3.jpg",
      "tp": 3,
      "confusions": 0,
      "missed_gt": 5,
      "false_positive": 5,
      "error_score": 15,
      "categories": "B4_missed;false_positive",
      "branch": "one_stage",
      "candidate": "yolov8s",
      "checkpoint": "last",
      "split": "test"
    },
    {
      "image_path": "/workspace/Dataset-Sawit-YOLO/images/test/DAMIMAS_A21B_0075_2.jpg",
      "tp": 2,
      "confusions": 5,
      "missed_gt": 0,
      "false_positive": 4,
      "error_score": 14,
      "categories": "B2_B3_confusion;B3_B4_confusion;false_positive",
      "branch": "one_stage",
      "candidate": "yolov8s",
      "checkpoint": "last",