{
  "metric_schema": "detection",
  "run_name": "p3os_yolov8s_640_s42_e60fix",
  "branch": "one_stage",
  "candidate": "yolov8s",
  "checkpoint": "last",
  "weight_path": "/workspace/brand-new-yolo/runs/detect/runs/e0/p3os_yolov8s_640_s42_e60fix/weights/last.pt",
  "split": "val",
  "optimized_conf": 0.2,
  "precision": 0.5053514288288228,
  "recall": 0.5352247862211477,
  "f1": 0.5198592982417332,
  "map50": 0.4776129966941458,
  "map50_95": 0.23359650041579494,
  "accuracy": 0.5588657573582196,
  "support_total": 2786,
  "predicted_total": 3494,
  "missed_gt_total": 605,
  "false_positive_total": 1313,
  "macro_avg": {
    "precision": 0.47003610822314046,
    "recall": 0.5383537569327542,
    "f1": 0.49867296689712765
  },
  "weighted_avg": {
    "precision": 0.4451119581285878,
    "recall": 0.5588657573582196,
    "f1": 0.4917705044244813
  },
  "per_class": [
    {
      "class_idx": 0,
      "class_name": "B1",
      "precision": 0.6710097719869706,
      "recall": 0.6843853820598007,
      "f1": 0.6776315789473684,
      "support": 301,
      "predicted": 307,
      "true_positive": 206,
      "false_positive": 101,
      "false_negative": 95,
      "missed_gt": 31,
      "map50": 0.7239061726144471,
      "map50_95": 0.3879058121565949,
      "ultralytics_precision": 0.7088858039928927,
      "ultralytics_recall": 0.6910299003322259
    },
    {
      "class_idx": 1,
      "class_name": "B2",
      "precision": 0.3850746268656716,
      "recall": 0.4215686274509804,
      "f1": 0.40249609984399376,
      "support": 612,
      "predicted": 670,
      "true_positive": 258,
      "false_positive": 412,
      "false_negative": 354,
      "missed_gt": 115,
      "map50": 0.3528933102191992,
      "map50_95": 0.18429081803829023,
      "ultralytics_precision": 0.40294748607706565,
      "ultralytics_recall": 0.42320261437908496
    },
    {
      "class_idx": 2,
      "class_name": "B3",
      "precision": 0.45217391304347826,
      "recall": 0.6702047005307051,
      "f1": 0.5400122174709836,
      "support": 1319,
      "predicted": 1955,
      "true_positive": 884,
      "false_positive": 1071,
      "false_negative": 435,
      "missed_gt": 270,
      "map50": 0.5059603966280573,
      "map50_95": 0.22876404061331476,
      "ultralytics_precision": 0.486469100276653,
      "ultralytics_recall": 0.66565579984837
    },
    {
      "class_idx": 3,
      "class_name": "B4",
      "precision": 0.3718861209964413,
      "recall": 0.37725631768953066,
      "f1": 0.37455197132616486,
      "support": 554,
      "predicted": 562,
      "true_positive": 209,
      "false_positive": 353,
      "false_negative": 345,
      "missed_gt": 189,
      "map50": 0.32769210731487985,
      "map50_95": 0.13342533085497982,
      "ultralytics_precision": 0.4231033249686799,
      "ultralytics_recall": 0.36101083032490977
    }
  ],
  "confusion_matrix": {
    "classes": [
      "B1",
      "B2",
      "B3",
      "B4"
    ],
    "counts": [
      [
        206,
        60,
        4,
        0
      ],
      [
        27,
        258,
        207,
        5
      ],
      [
        2,
        88,
        884,
        75
      ],
      [
        0,
        6,
        150,
        209
      ]
    ],
    "row_normalized": [
      {
        "pred_0": 0.6843853820598007,
        "pred_1": 0.19933554817275748,
        "pred_2": 0.013289036544850499,
        "pred_3": 0.0,
        "missed_gt": 0.10299003322259136
      },
      {
        "pred_0": 0.04411764705882353,
        "pred_1": 0.4215686274509804,
        "pred_2": 0.3382352941176471,
        "pred_3": 0.008169934640522876,
        "missed_gt": 0.18790849673202614
      },
      {
        "pred_0": 0.001516300227445034,
        "pred_1": 0.0667172100075815,
        "pred_2": 0.6702047005307051,
        "pred_3": 0.05686125852918878,
        "missed_gt": 0.2047005307050796
      },
      {
        "pred_0": 0.0,
        "pred_1": 0.010830324909747292,
        "pred_2": 0.27075812274368233,
        "pred_3": 0.37725631768953066,
        "missed_gt": 0.34115523465703973
      }
    ],
    "missed_by_class": {
      "B1": 31,
      "B2": 115,
      "B3": 270,
      "B4": 189
    },
    "false_positive_by_class": {
      "B1": 72,
      "B2": 258,
      "B3": 710,
      "B4": 273
    },
    "largest_confusions": [
      {
        "true_class": "B2",
        "pred_class": "B3",
        "count": 207
      },
      {
        "true_class": "B4",
        "pred_class": "B3",
        "count": 150
      },
      {
        "true_class": "B3",
        "pred_class": "B2",
        "count": 88
      },
      {
        "true_class": "B3",
        "pred_class": "B4",
        "count": 75
      },
      {
        "true_class": "B1",
        "pred_class": "B2",
        "count": 60
      },
      {
        "true_class": "B2",
        "pred_class": "B1",
        "count": 27
      }
    ]
  },
  "top_errors": [
    {
      "image_path": "/workspace/Dataset-Sawit-YOLO/images/val/DAMIMAS_A21B_0823_7.jpg",
      "tp": 1,
      "confusions": 2,
      "missed_gt": 6,
      "false_positive": 3,
      "error_score": 19,
      "categories": "B2_B3_confusion;B3_B4_confusion;B4_missed;false_positive",
      "branch": "one_stage",
      "candidate": "yolov8s",
      "checkpoint": "last",
      "split": "val"
    },
    {
      "image_path": "/workspace/Dataset-Sawit-YOLO/images/val/DAMIMAS_A21B_0745_4.jpg",
      "tp": 0,
      "confusions": 2,
      "missed_gt": 5,
      "false_positive": 3,
      "error_score": 17,
      "categories": "B3_B4_confusion;false_positive",
      "branch": "one_stage",
      "candidate": "yolov8s",
      "checkpoint": "last",
      "split": "val"
    },
    {
      "image_path": "/workspace/Dataset-Sawit-YOLO/images/val/DAMIMAS_A21B_0714_1.jpg",
      "tp": 1,
      "confusions": 1,
      "missed_gt": 3,
      "false_positive": 8,
      "error_score": 16,
      "categories": "B3_B4_confusion;false_positive",
      "branch": "one_stage",
      "candidate": "yolov8s",
      "checkpoint": "last",
      "split": "val"
    },
    {
      "image_path": "/workspace/Dataset-Sawit-YOLO/images/val/DAMIMAS_A21B_0079_1.jpg",
      "tp": 1,
      "confusions": 5,
      "missed_gt": 1,
      "false_positive": 3,
      "error_score": 15,
      "categories": "B2_B3_confusion;B3_B4_confusion;false_positive",
      "branch": "one_stage",
      "candidate": "yolov8s",
      "checkpoint": "last",
      "split": "val"
    },
    {
      "image_path": "/workspace/Dataset-Sawit-YOLO/images/val/DAMIMAS_A21B_0413_2.jpg",
      "tp": 3,
      "confusions": 3,
      "missed_gt": 2,
      "false_positive": 5,
      "error_score": 15,
      "categories": "B2_B3_confusion;B3_B4_confusion;B4_missed;false_positive",
      "branch": "one_stage",
      "candidate": "yolov8s",
      "checkpoint": "last",
      "split": "val"
    },
    {
      "image_path": "/workspace/Dataset-Sawit-YOLO/images/val/DAMIMAS_A21B_0546_1.jpg",
      "tp": 2,
      "confusions": 1,
      "missed_gt": 5,
      "false_positive": 3,
      "error_score": 15,
      "categories": "B3_B4_confusion;B4_missed;false_positive",
      "branch": "one_stage",
      "candidate": "yolov8s",
      "checkpoint": "last",
      "split": "val"
    },
    {
      "image_path": "/workspace/Dataset-Sawit-YOLO/images/val/DAMIMAS_A21B_0442_1.jpg",
      "tp": 2,
      "confusions": 1,
      "missed_gt": 4,
      "false_positive": 5,
      "error_score": 15,
      "categories": "B2_B3_confusion;B4_missed;false_positive",
      "branch": "one_stage",
      "candidate": "yolov8s",
      "checkpoint": "last",
      "split": "val"
    },
    {
      "image_path": "/workspace/Dataset-Sawit-YOLO/images/val/DAMIMAS_A21B_0546_2.jpg",
      "tp": 3,
      "confusions": 0,
      "missed_gt": 5,
      "false_positive": 5,
      "error_score": 15,
      "categories": "B4_missed;false_positive",
      "branch": "one_stage",
      "candidate": "yolov8s",
      "checkpoint": "last",