{
  "metric_schema": "detection",
  "run_name": "p3tv_yolov8s_640_s42_e30nv",
  "branch": "one_stage",
  "candidate": "yolov8s",
  "checkpoint": "last",
  "weight_path": "/workspace/brand-new-yolo/runs/detect/runs/e0/p3tv_yolov8s_640_s42_e30nv/weights/last.pt",
  "split": "val",
  "optimized_conf": 0.1,
  "precision": 0.6220187776545757,
  "recall": 0.690410853893451,
  "f1": 0.6544328245800372,
  "map50": 0.6649580634673884,
  "map50_95": 0.38029777975340845,
  "accuracy": 0.7717157214644652,
  "support_total": 2786,
  "predicted_total": 4951,
  "missed_gt_total": 220,
  "false_positive_total": 2385,
  "macro_avg": {
    "precision": 0.4810102391537358,
    "recall": 0.7500127678677547,
    "f1": 0.580437296949976
  },
  "weighted_avg": {
    "precision": 0.4435449517907944,
    "recall": 0.7717157214644652,
    "f1": 0.5574111898247216
  },
  "per_class": [
    {
      "class_idx": 0,
      "class_name": "B1",
      "precision": 0.6839378238341969,
      "recall": 0.8770764119601329,
      "f1": 0.7685589519650654,
      "support": 301,
      "predicted": 386,
      "true_positive": 264,
      "false_positive": 122,
      "false_negative": 37,
      "missed_gt": 5,
      "map50": 0.8887866508053193,
      "map50_95": 0.5582805803672535,
      "ultralytics_precision": 0.7871369769928455,
      "ultralytics_recall": 0.8803986710963455
    },
    {
      "class_idx": 1,
      "class_name": "B2",
      "precision": 0.4461722488038278,
      "recall": 0.6094771241830066,
      "f1": 0.5151933701657458,
      "support": 612,
      "predicted": 836,
      "true_positive": 373,
      "false_positive": 463,
      "false_negative": 239,
      "missed_gt": 46,
      "map50": 0.5541813977336734,
      "map50_95": 0.3314580022384999,
      "ultralytics_precision": 0.5387117373311532,
      "ultralytics_recall": 0.5882352941176471
    },
    {
      "class_idx": 2,
      "class_name": "B3",
      "precision": 0.4143213395083719,
      "recall": 0.8817285822592873,
      "f1": 0.5637421231216675,
      "support": 1319,
      "predicted": 2807,
      "true_positive": 1163,
      "false_positive": 1644,
      "false_negative": 156,
      "missed_gt": 99,
      "map50": 0.6743582924763034,
      "map50_95": 0.3706005247897442,
      "ultralytics_precision": 0.5593907192193444,
      "ultralytics_recall": 0.7912043962081869
    },
    {
      "class_idx": 3,
      "class_name": "B4",
      "precision": 0.3796095444685466,
      "recall": 0.631768953068592,
      "f1": 0.47425474254742545,
      "support": 554,
      "predicted": 922,
      "true_positive": 350,
      "false_positive": 572,
      "false_negative": 204,
      "missed_gt": 70,
      "map50": 0.5425059128542574,
      "map50_95": 0.26085201161813615,
      "ultralytics_precision": 0.6028356770749598,
      "ultralytics_recall": 0.5018050541516246
    }
  ],
  "confusion_matrix": {
    "classes": [
      "B1",
      "B2",
      "B3",
      "B4"
    ],
    "counts": [
      [
        264,
        31,
        1,
        0
      ],
      [
        13,
        373,
        177,
        3
      ],
      [
        0,
        23,
        1163,
        34
      ],
      [
        1,
        2,
        131,
        350
      ]
    ],
    "row_normalized": [
      {
        "pred_0": 0.8770764119601329,
        "pred_1": 0.10299003322259136,
        "pred_2": 0.0033222591362126247,
        "pred_3": 0.0,
        "missed_gt": 0.016611295681063124
      },
      {
        "pred_0": 0.021241830065359478,
        "pred_1": 0.6094771241830066,
        "pred_2": 0.28921568627450983,
        "pred_3": 0.004901960784313725,
        "missed_gt": 0.07516339869281045
      },
      {
        "pred_0": 0.0,
        "pred_1": 0.017437452615617893,
        "pred_2": 0.8817285822592873,
        "pred_3": 0.02577710386656558,
        "missed_gt": 0.07505686125852919
      },
      {
        "pred_0": 0.0018050541516245488,
        "pred_1": 0.0036101083032490976,
        "pred_2": 0.2364620938628159,
        "pred_3": 0.631768953068592,
        "missed_gt": 0.1263537906137184
      }
    ],
    "missed_by_class": {
      "B1": 5,
      "B2": 46,
      "B3": 99,
      "B4": 70
    },
    "false_positive_by_class": {
      "B1": 108,
      "B2": 407,
      "B3": 1335,
      "B4": 535
    },
    "largest_confusions": [
      {
        "true_class": "B2",
        "pred_class": "B3",
        "count": 177
      },
      {
        "true_class": "B4",
        "pred_class": "B3",
        "count": 131
      },
      {
        "true_class": "B3",
        "pred_class": "B4",
        "count": 34
      },
      {
        "true_class": "B1",
        "pred_class": "B2",
        "count": 31
      },
      {
        "true_class": "B3",
        "pred_class": "B2",
        "count": 23
      },
      {
        "true_class": "B2",
        "pred_class": "B1",
        "count": 13
      }
    ]
  },
  "top_errors": [
    {
      "image_path": "/workspace/Dataset-Sawit-YOLO/images/val/LONSUM_A21A_0048_3.jpg",
      "tp": 0,
      "confusions": 2,
      "missed_gt": 2,
      "false_positive": 10,
      "error_score": 18,
      "categories": "B2_B3_confusion;false_positive",
      "branch": "one_stage",
      "candidate": "yolov8s",
      "checkpoint": "last",
      "split": "val"
    },
    {
      "image_path": "/workspace/Dataset-Sawit-YOLO/images/val/DAMIMAS_A21B_0449_3.jpg",
      "tp": 3,
      "confusions": 0,
      "missed_gt": 3,
      "false_positive": 12,
      "error_score": 18,
      "categories": "false_positive",
      "branch": "one_stage",
      "candidate": "yolov8s",
      "checkpoint": "last",
      "split": "val"
    },
    {
      "image_path": "/workspace/Dataset-Sawit-YOLO/images/val/DAMIMAS_A21B_0388_2.jpg",
      "tp": 1,
      "confusions": 0,
      "missed_gt": 2,
      "false_positive": 14,
      "error_score": 18,
      "categories": "false_positive",
      "branch": "one_stage",
      "candidate": "yolov8s",
      "checkpoint": "last",
      "split": "val"
    },
    {
      "image_path": "/workspace/Dataset-Sawit-YOLO/images/val/DAMIMAS_A21B_0038_2.jpg",
      "tp": 2,
      "confusions": 1,
      "missed_gt": 2,
      "false_positive": 11,
      "error_score": 17,
      "categories": "B4_missed;false_positive",
      "branch": "one_stage",
      "candidate": "yolov8s",
      "checkpoint": "last",
      "split": "val"
    },
    {
      "image_path": "/workspace/Dataset-Sawit-YOLO/images/val/DAMIMAS_A21B_0449_1.jpg",
      "tp": 4,
      "confusions": 1,
      "missed_gt": 2,
      "false_positive": 11,
      "error_score": 17,
      "categories": "B2_B3_confusion;false_positive",
      "branch": "one_stage",
      "candidate": "yolov8s",
      "checkpoint": "last",
      "split": "val"
    },
    {
      "image_path": "/workspace/Dataset-Sawit-YOLO/images/val/DAMIMAS_A21B_0546_1.jpg",
      "tp": 4,
      "confusions": 1,
      "missed_gt": 3,
      "false_positive": 8,
      "error_score": 16,
      "categories": "B3_B4_confusion;B4_missed;false_positive",
      "branch": "one_stage",
      "candidate": "yolov8s",
      "checkpoint": "last",
      "split": "val"
    },
    {
      "image_path": "/workspace/Dataset-Sawit-YOLO/images/val/DAMIMAS_A21B_0413_2.jpg",
      "tp": 5,
      "confusions": 0,
      "missed_gt": 3,
      "false_positive": 10,
      "error_score": 16,
      "categories": "B4_missed;false_positive",
      "branch": "one_stage",
      "candidate": "yolov8s",
      "checkpoint": "last",
      "split": "val"
    },
    {
      "image_path": "/workspace/Dataset-Sawit-YOLO/images/val/DAMIMAS_A21B_0079_1.jpg",
      "tp": 2,
      "confusions": 5,
      "missed_gt": 0,
      "false_positive": 5,
      "error_score": 15,
      "categories": "B2_B3_confusion;B3_B4_confusion;false_positive",
      "branch": "one_stage",
      "candidate": "yolov8s",
      "checkpoint": "last",
      "split": "val"
    },
    {
      "image_path": "/workspace/Dataset-Sawit-YOLO/images/val/DAMIMAS_A21B_0091_2.jpg",
      "tp": 2,