class_id,class_name,count,share
0,B1,2177,0.1210318563406905
1,B2,4073,0.22644131873019402
2,B3,8295,0.46116639795407793
3,B4,3442,0.19136042697503752
