run_name,model,imgsz,epochs,batch,seed,map50,map50_95,precision,recall
p0_yolo11n_640_s1_e30,yolo11n.pt,640,30,16,1,0.5236897437924801,0.2537517154572943,0.4906236545855527,0.5863911479376607
p0_yolo11n_1024_s1_e30,yolo11n.pt,1024,30,8,1,0.5362744550793069,0.2571237184722411,0.4887562175254552,0.6015943776590654
