{
  "metric_schema": "classification_gtcrop",
  "run_name": "p3ts_stage2_cls_yolo11n-cls_224_s42_e30p10m30",
  "branch": "two_stage_gtcrop",
  "candidate": "yolo11n-cls",
  "checkpoint": "last",
  "weight_path": "/workspace/brand-new-yolo/runs/classify/runs/e0/p3ts_stage2_cls_yolo11n-cls_224_s42_e30p10m30/weights/last.pt",
  "split": "test",
  "top1_acc": 0.6484869809992962,
  "top5_acc": 1.0,
  "precision": 0.6431753976528881,
  "recall": 0.6484869809992962,
  "f1": 0.6337484925136235,
  "accuracy": 0.6484869809992962,
  "support_total": 2842,
  "macro_avg": {
    "precision": 0.6671248907994839,
    "recall": 0.6243661766843991,
    "f1": 0.6336761218492952
  },
  "weighted_avg": {
    "precision": 0.6431753976528881,
    "recall": 0.6484869809992962,
    "f1": 0.6337484925136235
  },
  "per_class": [
    {
      "class_idx": 0,
      "class_name": "B1",
      "precision": 0.8319327731092437,
      "recall": 0.8839285714285714,
      "f1": 0.8571428571428571,
      "support": 336,
      "predicted": 357,
      "true_positive": 297,
      "false_positive": 60,
      "false_negative": 39
    },
    {
      "class_idx": 1,
      "class_name": "B2",
      "precision": 0.552863436123348,
      "recall": 0.40614886731391586,
      "f1": 0.46828358208955223,
      "support": 618,
      "predicted": 454,
      "true_positive": 251,
      "false_positive": 203,
      "false_negative": 367
    },
    {
      "class_idx": 2,
      "class_name": "B3",
      "precision": 0.6354475400118553,
      "recall": 0.7982129560685034,
      "f1": 0.7075907590759076,
      "support": 1343,
      "predicted": 1687,
      "true_positive": 1072,
      "false_positive": 615,
      "false_negative": 271
    },
    {
      "class_idx": 3,
      "class_name": "B4",
      "precision": 0.6482558139534884,
      "recall": 0.4091743119266055,
      "f1": 0.5016872890888638,
      "support": 545,
      "predicted": 344,
      "true_positive": 223,
      "false_positive": 121,
      "false_negative": 322
    }
  ],
  "confusion_matrix": {
    "classes": [
      "B1",
      "B2",
      "B3",
      "B4"
    ],
    "counts": [
      [
        297,
        36,
        3,
        0
      ],
      [
        57,
        251,
        306,
        4
      ],
      [
        2,
        152,
        1072,
        117
      ],
      [
        1,
        15,
        306,
        223
      ]
    ],
    "row_normalized": [
      {
        "pred_0": 0.8839285714285714,
        "pred_1": 0.10714285714285714,
        "pred_2": 0.008928571428571428,
        "pred_3": 0.0,
        "missed_gt": 0.0
      },
      {
        "pred_0": 0.09223300970873786,
        "pred_1": 0.40614886731391586,
        "pred_2": 0.49514563106796117,
        "pred_3": 0.006472491909385114,
        "missed_gt": 0.0
      },
      {
        "pred_0": 0.0014892032762472078,
        "pred_1": 0.11317944899478778,
        "pred_2": 0.7982129560685034,
        "pred_3": 0.08711839166046165,
        "missed_gt": 0.0
      },
      {
        "pred_0": 0.001834862385321101,
        "pred_1": 0.027522935779816515,
        "pred_2": 0.5614678899082569,
        "pred_3": 0.4091743119266055,
        "missed_gt": 0.0
      }
    ],
    "largest_confusions": [
      {
        "true_class": "B2",
        "pred_class": "B3",
        "count": 306
      },
      {
        "true_class": "B4",
        "pred_class": "B3",
        "count": 306
      },
      {
        "true_class": "B3",
        "pred_class": "B2",
        "count": 152
      },
      {
        "true_class": "B3",
        "pred_class": "B4",
        "count": 117
      },
      {
        "true_class": "B2",
        "pred_class": "B1",
        "count": 57
      },
      {
        "true_class": "B1",
        "pred_class": "B2",
        "count": 36
      }
    ]
  }
}