{
  "run_name": "p1bfc_yolo11m_640_s1_e30p10m30",
  "split": "val",
  "precision": 0.49130995496169866,
  "recall": 0.6022664170496592,
  "map50": 0.5314530540919284,
  "map50_95": 0.25761653907806903,
  "per_class": [
    {
      "class_idx": 0,
      "class_name": "B1",
      "precision": 0.6595654310096213,
      "recall": 0.8431983292450717,
      "map50": 0.8104034796153367,
      "map50_95": 0.4371999910911325
    },
    {
      "class_idx": 1,
      "class_name": "B2",
      "precision": 0.3982428072150707,
      "recall": 0.511437908496732,
      "map50": 0.41203242766408094,
      "map50_95": 0.20506498911897197
    },
    {
      "class_idx": 2,
      "class_name": "B3",
      "precision": 0.5043977494521945,
      "recall": 0.6952236542835482,
      "map50": 0.5567705649901512,
      "map50_95": 0.25282080639323856
    },
    {
      "class_idx": 3,
      "class_name": "B4",
      "precision": 0.403033832169908,
      "recall": 0.3592057761732852,
      "map50": 0.34660574409814493,
      "map50_95": 0.13538036970893327
    }
  ],
  "confusion_b2_b3": null,
  "confusion_b3_b4": null,
  "b4_recall": 0.3592057761732852,
  "all_classes_ge_70_ap50": false
}