{
  "run_name": "p1bfc_yolo26m_640_s1_e30p10m30",
  "split": "val",
  "precision": 0.4897824845278388,
  "recall": 0.5916985651371816,
  "map50": 0.5211223143836141,
  "map50_95": 0.2516370924123591,
  "per_class": [
    {
      "class_idx": 0,
      "class_name": "B1",
      "precision": 0.6460907037414658,
      "recall": 0.8106312292358804,
      "map50": 0.7857923502981105,
      "map50_95": 0.423131672404694
    },
    {
      "class_idx": 1,
      "class_name": "B2",
      "precision": 0.4093259706273242,
      "recall": 0.5695585105552393,
      "map50": 0.41492049614026755,
      "map50_95": 0.20460194893370126
    },
    {
      "class_idx": 2,
      "class_name": "B3",
      "precision": 0.47418716755669493,
      "recall": 0.6536296518015359,
      "map50": 0.5376268905163767,
      "map50_95": 0.24519607235372712
    },
    {
      "class_idx": 3,
      "class_name": "B4",
      "precision": 0.42952609618587034,
      "recall": 0.3329748689560709,
      "map50": 0.3461495205797018,
      "map50_95": 0.13361867595731394
    }
  ],
  "confusion_b2_b3": null,
  "confusion_b3_b4": null,
  "b4_recall": 0.3329748689560709,
  "all_classes_ge_70_ap50": false
}