{
  "run_name": "p1bfc_yolo26n_640_s2_e30p10m30",
  "split": "val",
  "precision": 0.4662268604993361,
  "recall": 0.5645798684859662,
  "map50": 0.49745177941716173,
  "map50_95": 0.23571368195263345,
  "per_class": [
    {
      "class_idx": 0,
      "class_name": "B1",
      "precision": 0.6364091813183463,
      "recall": 0.8073089700996677,
      "map50": 0.776658989359743,
      "map50_95": 0.40477038268749554
    },
    {
      "class_idx": 1,
      "class_name": "B2",
      "precision": 0.3839815233720561,
      "recall": 0.45588235294117646,
      "map50": 0.377212374269021,
      "map50_95": 0.18421120077611644
    },
    {
      "class_idx": 2,
      "class_name": "B3",
      "precision": 0.47004094527906976,
      "recall": 0.6731048091813596,
      "map50": 0.5361673971540899,
      "map50_95": 0.23978148777796632
    },
    {
      "class_idx": 3,
      "class_name": "B4",
      "precision": 0.37447579202787223,
      "recall": 0.32202334172166097,
      "map50": 0.299768356885793,
      "map50_95": 0.11409165656895556
    }
  ],
  "confusion_b2_b3": null,
  "confusion_b3_b4": null,
  "b4_recall": 0.32202334172166097,
  "all_classes_ge_70_ap50": false
}