{
  "run_name": "p1bfc_yolov9c_640_s2_e30p10m30",
  "split": "val",
  "precision": 0.49824799736410824,
  "recall": 0.5793341890294159,
  "map50": 0.5297948603268171,
  "map50_95": 0.2510474278088387,
  "per_class": [
    {
      "class_idx": 0,
      "class_name": "B1",
      "precision": 0.6041756672529719,
      "recall": 0.8637873754152824,
      "map50": 0.8041576004750574,
      "map50_95": 0.4141087501058841
    },
    {
      "class_idx": 1,
      "class_name": "B2",
      "precision": 0.43545458921343594,
      "recall": 0.43137254901960786,
      "map50": 0.38811773299821717,
      "map50_95": 0.19802515991765646
    },
    {
      "class_idx": 2,
      "class_name": "B3",
      "precision": 0.49693201378562757,
      "recall": 0.6882418136322317,
      "map50": 0.5642729143624327,
      "map50_95": 0.2539405316085892
    },
    {
      "class_idx": 3,
      "class_name": "B4",
      "precision": 0.45642971920439757,
      "recall": 0.33393501805054154,
      "map50": 0.36263119347156136,
      "map50_95": 0.1381152696032249
    }
  ],
  "confusion_b2_b3": null,
  "confusion_b3_b4": null,
  "b4_recall": 0.33393501805054154,
  "all_classes_ge_70_ap50": false
}