{
  "run_name": "p1bfc_yolo11m_640_s2_e30p10m30",
  "split": "val",
  "precision": 0.4932314022003449,
  "recall": 0.5933428964545328,
  "map50": 0.5281774072294712,
  "map50_95": 0.25646047824693435,
  "per_class": [
    {
      "class_idx": 0,
      "class_name": "B1",
      "precision": 0.6633405511585844,
      "recall": 0.8106312292358804,
      "map50": 0.8120183344396161,
      "map50_95": 0.4314674658526395
    },
    {
      "class_idx": 1,
      "class_name": "B2",
      "precision": 0.4143082545444862,
      "recall": 0.4950980392156863,
      "map50": 0.40934638969675935,
      "map50_95": 0.2059823341547875
    },
    {
      "class_idx": 2,
      "class_name": "B3",
      "precision": 0.500461346761717,
      "recall": 0.6921910538286581,
      "map50": 0.5588781202261027,
      "map50_95": 0.253169942011605
    },
    {
      "class_idx": 3,
      "class_name": "B4",
      "precision": 0.3948154563365921,
      "recall": 0.37545126353790614,
      "map50": 0.3324667845554068,
      "map50_95": 0.1352221709687055
    }
  ],
  "confusion_b2_b3": null,
  "confusion_b3_b4": null,
  "b4_recall": 0.37545126353790614,
  "all_classes_ge_70_ap50": false
}