{
  "run_name": "p1bfc_yolov10n_640_s1_e30p10m30",
  "split": "val",
  "precision": 0.45214995923519674,
  "recall": 0.5315142223664933,
  "map50": 0.46957060367810466,
  "map50_95": 0.23029120440853199,
  "per_class": [
    {
      "class_idx": 0,
      "class_name": "B1",
      "precision": 0.5636992822328407,
      "recall": 0.8006644518272426,
      "map50": 0.7481551575171905,
      "map50_95": 0.4053287023918323
    },
    {
      "class_idx": 1,
      "class_name": "B2",
      "precision": 0.37192605435923853,
      "recall": 0.4477124183006536,
      "map50": 0.3386606252424217,
      "map50_95": 0.17448979704886725
    },
    {
      "class_idx": 2,
      "class_name": "B3",
      "precision": 0.5017480893638435,
      "recall": 0.5664948007899443,
      "map50": 0.521789250318085,
      "map50_95": 0.23267278818571097
    },
    {
      "class_idx": 3,
      "class_name": "B4",
      "precision": 0.3712264109848643,
      "recall": 0.3111852185481327,
      "map50": 0.26967738163472144,
      "map50_95": 0.10867353000771737
    }
  ],
  "confusion_b2_b3": null,
  "confusion_b3_b4": null,
  "b4_recall": 0.3111852185481327,
  "all_classes_ge_70_ap50": false
}