{
  "run_name": "p1bfc_yolov9c_640_s1_e30p10m30",
  "split": "val",
  "precision": 0.504602213201007,
  "recall": 0.5925616328749009,
  "map50": 0.5286460007171132,
  "map50_95": 0.25265133876586254,
  "per_class": [
    {
      "class_idx": 0,
      "class_name": "B1",
      "precision": 0.6791597596340065,
      "recall": 0.8106312292358804,
      "map50": 0.8137150300466723,
      "map50_95": 0.42369707089305714
    },
    {
      "class_idx": 1,
      "class_name": "B2",
      "precision": 0.4520451370100443,
      "recall": 0.4624183006535948,
      "map50": 0.3934001417004654,
      "map50_95": 0.19394915365478868
    },
    {
      "class_idx": 2,
      "class_name": "B3",
      "precision": 0.4802529085047638,
      "recall": 0.7271609005270959,
      "map50": 0.562289252056338,
      "map50_95": 0.2551373968920921
    },
    {
      "class_idx": 3,
      "class_name": "B4",
      "precision": 0.406951047655213,
      "recall": 0.3700361010830325,
      "map50": 0.34517957906497704,
      "map50_95": 0.13782173362351252
    }
  ],
  "confusion_b2_b3": null,
  "confusion_b3_b4": null,
  "b4_recall": 0.3700361010830325,
  "all_classes_ge_70_ap50": false
}