{
  "run_name": "p1bfc_yolov10m_640_s2_e30p10m30",
  "split": "val",
  "precision": 0.5034797335074686,
  "recall": 0.5684262752076534,
  "map50": 0.5125423398762396,
  "map50_95": 0.2429398459372895,
  "per_class": [
    {
      "class_idx": 0,
      "class_name": "B1",
      "precision": 0.663551887632925,
      "recall": 0.7862717747243555,
      "map50": 0.7852408017657101,
      "map50_95": 0.40871535935499315
    },
    {
      "class_idx": 1,
      "class_name": "B2",
      "precision": 0.41411839227323766,
      "recall": 0.43790849673202614,
      "map50": 0.3804226129282103,
      "map50_95": 0.18991085630447022
    },
    {
      "class_idx": 2,
      "class_name": "B3",
      "precision": 0.5002036567716078,
      "recall": 0.6722685116847016,
      "map50": 0.5411323910098506,
      "map50_95": 0.24221393926058302
    },
    {
      "class_idx": 3,
      "class_name": "B4",
      "precision": 0.43604499735210406,
      "recall": 0.37725631768953066,
      "map50": 0.3433735538011878,
      "map50_95": 0.13091922882911192
    }
  ],
  "confusion_b2_b3": null,
  "confusion_b3_b4": null,
  "b4_recall": 0.37725631768953066,
  "all_classes_ge_70_ap50": false
}