{
  "run_name": "p1bfc_yolo26s_640_s1_e30p10m30",
  "split": "val",
  "precision": 0.4521578891219815,
  "recall": 0.5559837648797379,
  "map50": 0.5089450694052481,
  "map50_95": 0.245270881148065,
  "per_class": [
    {
      "class_idx": 0,
      "class_name": "B1",
      "precision": 0.5246640276969725,
      "recall": 0.8870431893687708,
      "map50": 0.8048033056961833,
      "map50_95": 0.42184231167010927
    },
    {
      "class_idx": 1,
      "class_name": "B2",
      "precision": 0.40746117698341994,
      "recall": 0.42135637742605253,
      "map50": 0.36924469409802224,
      "map50_95": 0.18429371292798016
    },
    {
      "class_idx": 2,
      "class_name": "B3",
      "precision": 0.4434599557895504,
      "recall": 0.6935138320743086,
      "map50": 0.549122123096988,
      "map50_95": 0.2496132755019808
    },
    {
      "class_idx": 3,
      "class_name": "B4",
      "precision": 0.4330463960179832,
      "recall": 0.22202166064981949,
      "map50": 0.3126101547297987,
      "map50_95": 0.12533422449218962
    }
  ],
  "confusion_b2_b3": null,
  "confusion_b3_b4": null,
  "b4_recall": 0.22202166064981949,
  "all_classes_ge_70_ap50": false
}