{
  "run_name": "p1bfc_yolo26n_640_s1_e30p10m30",
  "split": "val",
  "precision": 0.4690332461011446,
  "recall": 0.5441008614729574,
  "map50": 0.48121934807949174,
  "map50_95": 0.23318494556448882,
  "per_class": [
    {
      "class_idx": 0,
      "class_name": "B1",
      "precision": 0.6286299027538573,
      "recall": 0.7807308970099668,
      "map50": 0.7581089154777383,
      "map50_95": 0.40639154065837524
    },
    {
      "class_idx": 1,
      "class_name": "B2",
      "precision": 0.38989087758416646,
      "recall": 0.39052287581699346,
      "map50": 0.34935605817982107,
      "map50_95": 0.17322207320387048
    },
    {
      "class_idx": 2,
      "class_name": "B3",
      "precision": 0.4703166981128839,
      "recall": 0.6459438968915845,
      "map50": 0.5143267970629324,
      "map50_95": 0.2350611694208972
    },
    {
      "class_idx": 3,
      "class_name": "B4",
      "precision": 0.38729550595367057,
      "recall": 0.3592057761732852,
      "map50": 0.3030856215974752,
      "map50_95": 0.11806499897481237
    }
  ],
  "confusion_b2_b3": null,
  "confusion_b3_b4": null,
  "b4_recall": 0.3592057761732852,
  "all_classes_ge_70_ap50": false
}