{
  "run_name": "p1bfc_yolo26m_640_s2_e30p10m30",
  "split": "val",
  "precision": 0.4627374798385979,
  "recall": 0.5754684172173005,
  "map50": 0.5099406147254562,
  "map50_95": 0.24700056909582485,
  "per_class": [
    {
      "class_idx": 0,
      "class_name": "B1",
      "precision": 0.5473530482515361,
      "recall": 0.867109634551495,
      "map50": 0.7827285021531084,
      "map50_95": 0.4159241972823251
    },
    {
      "class_idx": 1,
      "class_name": "B2",
      "precision": 0.4193233408300431,
      "recall": 0.4625401844935835,
      "map50": 0.3795010050167934,
      "map50_95": 0.19009500431997378
    },
    {
      "class_idx": 2,
      "class_name": "B3",
      "precision": 0.4530509447018013,
      "recall": 0.6870252938674447,
      "map50": 0.5442048525511773,
      "map50_95": 0.2503797533144056
    },
    {
      "class_idx": 3,
      "class_name": "B4",
      "precision": 0.4312225855710111,
      "recall": 0.2851985559566787,
      "map50": 0.3333280991807453,
      "map50_95": 0.13160332146659473
    }
  ],
  "confusion_b2_b3": null,
  "confusion_b3_b4": null,
  "b4_recall": 0.2851985559566787,
  "all_classes_ge_70_ap50": false
}