{
  "run_name": "p1bfc_yolov10m_640_s1_e30p10m30",
  "split": "val",
  "precision": 0.50454728116573,
  "recall": 0.5471844517127669,
  "map50": 0.49736917130621605,
  "map50_95": 0.24235481336971984,
  "per_class": [
    {
      "class_idx": 0,
      "class_name": "B1",
      "precision": 0.7262869300166922,
      "recall": 0.714054990732848,
      "map50": 0.7746394497321435,
      "map50_95": 0.41636362091445667
    },
    {
      "class_idx": 1,
      "class_name": "B2",
      "precision": 0.40165352256109965,
      "recall": 0.477124183006536,
      "map50": 0.36942936961932554,
      "map50_95": 0.18677056375586443
    },
    {
      "class_idx": 2,
      "class_name": "B3",
      "precision": 0.4984481357830466,
      "recall": 0.65098823599977,
      "map50": 0.5284233995850979,
      "map50_95": 0.24047747195772512
    },
    {
      "class_idx": 3,
      "class_name": "B4",
      "precision": 0.39180053630208145,
      "recall": 0.34657039711191334,
      "map50": 0.31698446628829746,
      "map50_95": 0.12580759685083326
    }
  ],
  "confusion_b2_b3": null,
  "confusion_b3_b4": null,
  "b4_recall": 0.34657039711191334,
  "all_classes_ge_70_ap50": false
}