{
  "run_name": "p1bfc_yolov8n_640_s1_e30p10m30",
  "split": "val",
  "precision": 0.4827699526574345,
  "recall": 0.5946870736410154,
  "map50": 0.515012883238003,
  "map50_95": 0.2466552574379111,
  "per_class": [
    {
      "class_idx": 0,
      "class_name": "B1",
      "precision": 0.6387009382995845,
      "recall": 0.8504983388704319,
      "map50": 0.7971284738934438,
      "map50_95": 0.41632608173239677
    },
    {
      "class_idx": 1,
      "class_name": "B2",
      "precision": 0.39080146104424696,
      "recall": 0.511437908496732,
      "map50": 0.3816837537763006,
      "map50_95": 0.185692113396219
    },
    {
      "class_idx": 2,
      "class_name": "B3",
      "precision": 0.4621535227135092,
      "recall": 0.6937073540561031,
      "map50": 0.5416546993042965,
      "map50_95": 0.2503117236068163
    },
    {
      "class_idx": 3,
      "class_name": "B4",
      "precision": 0.4394238885723973,
      "recall": 0.3231046931407942,
      "map50": 0.339584605977971,
      "map50_95": 0.1342911110162123
    }
  ],
  "confusion_b2_b3": null,
  "confusion_b3_b4": null,
  "b4_recall": 0.3231046931407942,
  "all_classes_ge_70_ap50": false
}