{
  "run_name": "p1bfc_yolov8s_640_s1_e30p10m30",
  "split": "val",
  "precision": 0.5025116641434964,
  "recall": 0.5909623089773085,
  "map50": 0.525621820600256,
  "map50_95": 0.2518118936338926,
  "per_class": [
    {
      "class_idx": 0,
      "class_name": "B1",
      "precision": 0.6762393771876591,
      "recall": 0.8039867109634552,
      "map50": 0.8033550544512624,
      "map50_95": 0.425381201179699
    },
    {
      "class_idx": 1,
      "class_name": "B2",
      "precision": 0.43568035841733166,
      "recall": 0.44281045751633985,
      "map50": 0.3966379421762626,
      "map50_95": 0.19283469643227716
    },
    {
      "class_idx": 2,
      "class_name": "B3",
      "precision": 0.48889014672773073,
      "recall": 0.6802289627362983,
      "map50": 0.547791063100284,
      "map50_95": 0.2486816677898865
    },
    {
      "class_idx": 3,
      "class_name": "B4",
      "precision": 0.40923677424126387,
      "recall": 0.4368231046931408,
      "map50": 0.354703222673215,
      "map50_95": 0.1403500091337077
    }
  ],
  "confusion_b2_b3": null,
  "confusion_b3_b4": null,
  "b4_recall": 0.4368231046931408,
  "all_classes_ge_70_ap50": false
}