{
  "run_name": "p1bfc_yolov10n_640_s2_e30p10m30",
  "split": "val",
  "precision": 0.47594004201996953,
  "recall": 0.5381730869830543,
  "map50": 0.48836479051033777,
  "map50_95": 0.23826402638822786,
  "per_class": [
    {
      "class_idx": 0,
      "class_name": "B1",
      "precision": 0.6328751070461581,
      "recall": 0.7973421926910299,
      "map50": 0.790367747131487,
      "map50_95": 0.4151784410159044
    },
    {
      "class_idx": 1,
      "class_name": "B2",
      "precision": 0.39908476318233876,
      "recall": 0.4493464052287582,
      "map50": 0.36456137522719473,
      "map50_95": 0.18319665140616487
    },
    {
      "class_idx": 2,
      "class_name": "B3",
      "precision": 0.45649313541817205,
      "recall": 0.6393198498084147,
      "map50": 0.52635209375136,
      "map50_95": 0.24470788505368693
    },
    {
      "class_idx": 3,
      "class_name": "B4",
      "precision": 0.41530716243320914,
      "recall": 0.2666839002040142,
      "map50": 0.27217794593130934,
      "map50_95": 0.10997312807715527
    }
  ],
  "confusion_b2_b3": null,
  "confusion_b3_b4": null,
  "b4_recall": 0.2666839002040142,
  "all_classes_ge_70_ap50": false
}