{
  "run_name": "p1bfc_yolov8n_640_s2_e30p10m30",
  "split": "val",
  "precision": 0.4899150480256721,
  "recall": 0.5978764016407678,
  "map50": 0.5197706446109193,
  "map50_95": 0.24708371204562404,
  "per_class": [
    {
      "class_idx": 0,
      "class_name": "B1",
      "precision": 0.6307304206112043,
      "recall": 0.8272425249169435,
      "map50": 0.7925091247405258,
      "map50_95": 0.412913461388698
    },
    {
      "class_idx": 1,
      "class_name": "B2",
      "precision": 0.3906499426109027,
      "recall": 0.5163398692810458,
      "map50": 0.3915977145533635,
      "map50_95": 0.19325489674986104
    },
    {
      "class_idx": 2,
      "class_name": "B3",
      "precision": 0.5101864139732954,
      "recall": 0.6814972195852987,
      "map50": 0.5607198851281548,
      "map50_95": 0.2528545308545628
    },
    {
      "class_idx": 3,
      "class_name": "B4",
      "precision": 0.42809341490728586,
      "recall": 0.3664259927797834,
      "map50": 0.3342558540216329,
      "map50_95": 0.12931195918937438
    }
  ],
  "confusion_b2_b3": null,
  "confusion_b3_b4": null,
  "b4_recall": 0.3664259927797834,
  "all_classes_ge_70_ap50": false
}