{
  "run_name": "p1bfc_yolov8m_640_s1_e30p10m30",
  "split": "val",
  "precision": 0.5047768213816428,
  "recall": 0.5811011355238883,
  "map50": 0.5278743630774764,
  "map50_95": 0.2528049674718253,
  "per_class": [
    {
      "class_idx": 0,
      "class_name": "B1",
      "precision": 0.6586778635420409,
      "recall": 0.8006644518272426,
      "map50": 0.8104685013506326,
      "map50_95": 0.42639203010754845
    },
    {
      "class_idx": 1,
      "class_name": "B2",
      "precision": 0.4565032546875994,
      "recall": 0.43300653594771243,
      "map50": 0.38821870226637084,
      "map50_95": 0.1955907609008168
    },
    {
      "class_idx": 2,
      "class_name": "B3",
      "precision": 0.5208602484890829,
      "recall": 0.6603487490523123,
      "map50": 0.5556449362813216,
      "map50_95": 0.25369972685745357
    },
    {
      "class_idx": 3,
      "class_name": "B4",
      "precision": 0.3830659188078483,
      "recall": 0.4303848052682859,
      "map50": 0.3571653124115805,
      "map50_95": 0.13553735202148257
    }
  ],
  "confusion_b2_b3": null,
  "confusion_b3_b4": null,
  "b4_recall": 0.4303848052682859,
  "all_classes_ge_70_ap50": false
}