{
  "run_name": "p1bfc_yolov10s_640_s2_e30p10m30",
  "split": "val",
  "precision": 0.4514742250722341,
  "recall": 0.570578290414278,
  "map50": 0.4955076638241706,
  "map50_95": 0.2415075712956262,
  "per_class": [
    {
      "class_idx": 0,
      "class_name": "B1",
      "precision": 0.543543169507177,
      "recall": 0.8172757475083057,
      "map50": 0.7563522255947398,
      "map50_95": 0.40989572367295646
    },
    {
      "class_idx": 1,
      "class_name": "B2",
      "precision": 0.37590517411314917,
      "recall": 0.4918300653594771,
      "map50": 0.37268681401810944,
      "map50_95": 0.18792352043386365
    },
    {
      "class_idx": 2,
      "class_name": "B3",
      "precision": 0.49340281637005556,
      "recall": 0.6050037907505686,
      "map50": 0.5261271428342439,
      "map50_95": 0.2413010751044687
    },
    {
      "class_idx": 3,
      "class_name": "B4",
      "precision": 0.39304574029855466,
      "recall": 0.36820355803876015,
      "map50": 0.3268644728495895,
      "map50_95": 0.12690996597121584
    }
  ],
  "confusion_b2_b3": null,
  "confusion_b3_b4": null,
  "b4_recall": 0.36820355803876015,
  "all_classes_ge_70_ap50": false
}