{
  "run_name": "p1bfc_yolo26s_640_s2_e30p10m30",
  "split": "val",
  "precision": 0.4472533830810868,
  "recall": 0.5741989662757362,
  "map50": 0.4979657268616926,
  "map50_95": 0.23407741128668644,
  "per_class": [
    {
      "class_idx": 0,
      "class_name": "B1",
      "precision": 0.5225031544174846,
      "recall": 0.840531561461794,
      "map50": 0.7506900965179768,
      "map50_95": 0.38892918336830545
    },
    {
      "class_idx": 1,
      "class_name": "B2",
      "precision": 0.4168519644570888,
      "recall": 0.40522875816993464,
      "map50": 0.3826846670889735,
      "map50_95": 0.1895084419612338
    },
    {
      "class_idx": 2,
      "class_name": "B3",
      "precision": 0.46466252279445713,
      "recall": 0.6846095526914329,
      "map50": 0.5322478715372908,
      "map50_95": 0.2349605669679451
    },
    {
      "class_idx": 3,
      "class_name": "B4",
      "precision": 0.38499589065531653,
      "recall": 0.3664259927797834,
      "map50": 0.3262402723025293,
      "map50_95": 0.12291145284926148
    }
  ],
  "confusion_b2_b3": null,
  "confusion_b3_b4": null,
  "b4_recall": 0.3664259927797834,
  "all_classes_ge_70_ap50": false
}