{
  "run_name": "p1bfc_yolov8s_640_s2_e30p10m30",
  "split": "val",
  "precision": 0.5029516179937046,
  "recall": 0.5863622042292006,
  "map50": 0.5255852342247053,
  "map50_95": 0.25241773077738755,
  "per_class": [
    {
      "class_idx": 0,
      "class_name": "B1",
      "precision": 0.6570288738389443,
      "recall": 0.8471760797342193,
      "map50": 0.8088466801174633,
      "map50_95": 0.42772191017264494
    },
    {
      "class_idx": 1,
      "class_name": "B2",
      "precision": 0.4121830351611969,
      "recall": 0.42483660130718953,
      "map50": 0.3901272422541273,
      "map50_95": 0.19001816813679445
    },
    {
      "class_idx": 2,
      "class_name": "B3",
      "precision": 0.4923438764458836,
      "recall": 0.6889596015793648,
      "map50": 0.5544304094413792,
      "map50_95": 0.2544266813271529
    },
    {
      "class_idx": 3,
      "class_name": "B4",
      "precision": 0.4502506865287935,
      "recall": 0.3844765342960289,
      "map50": 0.3489366050858512,
      "map50_95": 0.13750416347295794
    }
  ],
  "confusion_b2_b3": null,
  "confusion_b3_b4": null,
  "b4_recall": 0.3844765342960289,
  "all_classes_ge_70_ap50": false
}