{
  "run_name": "p1bfc_yolov10s_640_s1_e30p10m30",
  "split": "val",
  "precision": 0.4709211899220398,
  "recall": 0.5545436170107169,
  "map50": 0.4892008027219622,
  "map50_95": 0.23550670330795956,
  "per_class": [
    {
      "class_idx": 0,
      "class_name": "B1",
      "precision": 0.6060245662986458,
      "recall": 0.7873754152823921,
      "map50": 0.7376823929318415,
      "map50_95": 0.39849541285347934
    },
    {
      "class_idx": 1,
      "class_name": "B2",
      "precision": 0.40371799669819,
      "recall": 0.46568627450980393,
      "map50": 0.3674023125964249,
      "map50_95": 0.17864232194537893
    },
    {
      "class_idx": 2,
      "class_name": "B3",
      "precision": 0.49109867113151545,
      "recall": 0.6239575435936315,
      "map50": 0.5366450458129771,
      "map50_95": 0.24163678675320707
    },
    {
      "class_idx": 3,
      "class_name": "B4",
      "precision": 0.382843525559808,
      "recall": 0.34115523465703973,
      "map50": 0.31507345954660515,
      "map50_95": 0.12325229167977285
    }
  ],
  "confusion_b2_b3": null,
  "confusion_b3_b4": null,
  "b4_recall": 0.34115523465703973,
  "all_classes_ge_70_ap50": false
}