{
  "run_name": "p1bfc_yolov8m_640_s2_e30p10m30",
  "split": "val",
  "precision": 0.5035937047276423,
  "recall": 0.5966696586243813,
  "map50": 0.5229374171735741,
  "map50_95": 0.2532798158157936,
  "per_class": [
    {
      "class_idx": 0,
      "class_name": "B1",
      "precision": 0.6827843666302074,
      "recall": 0.8372093023255814,
      "map50": 0.8013785085827002,
      "map50_95": 0.4321639477057361
    },
    {
      "class_idx": 1,
      "class_name": "B2",
      "precision": 0.40422577355402634,
      "recall": 0.5294117647058824,
      "map50": 0.3917199321143779,
      "map50_95": 0.1950769318799938
    },
    {
      "class_idx": 2,
      "class_name": "B3",
      "precision": 0.5075914662047337,
      "recall": 0.6739954510993177,
      "map50": 0.5524618385122271,
      "map50_95": 0.25276418690987934
    },
    {
      "class_idx": 3,
      "class_name": "B4",
      "precision": 0.41977321252160177,
      "recall": 0.3460621163667436,
      "map50": 0.3461893894849912,
      "map50_95": 0.13311419676756522
    }
  ],
  "confusion_b2_b3": null,
  "confusion_b3_b4": null,
  "b4_recall": 0.3460621163667436,
  "all_classes_ge_70_ap50": false
}