run_name,seed,class_id,class_name,precision,recall,map50,map50_95
p0_yolo11n_640_s1_e30p10m30,1,0,B1,0.6064772224497297,0.8305647840531561,0.7973511800468602,0.4305852260298388
p0_yolo11n_640_s1_e30p10m30,1,1,B2,0.46542971224389257,0.4580937062213619,0.39679335316667863,0.2012751973759689
p0_yolo11n_640_s1_e30p10m30,1,2,B3,0.48477285448235974,0.7043214556482184,0.5659618843202414,0.25586530486952697
p0_yolo11n_640_s1_e30p10m30,1,3,B4,0.40581482916622863,0.3525846458279062,0.33465255763614044,0.12728113355384255
p0_yolo11n_640_s2_e30p10m30,2,0,B1,0.6481393455528895,0.813953488372093,0.7883602205109213,0.4218162975478186
p0_yolo11n_640_s2_e30p10m30,2,1,B2,0.3987668171335456,0.5016339869281046,0.39762839722693766,0.1954268739274094
p0_yolo11n_640_s2_e30p10m30,2,2,B3,0.5020994841126163,0.6732373009855952,0.5604311111390176,0.2533340249730602
p0_yolo11n_640_s2_e30p10m30,2,3,B4,0.42003681116151625,0.34657039711191334,0.35168475198811394,0.1349769006164216
