{
  "metric_schema": "detection",
  "run_name": "p3tv_yolo11m_640_s42_e30nv",
  "branch": "one_stage",
  "candidate": "yolo11m",
  "checkpoint": "last",
  "weight_path": "/workspace/brand-new-yolo/runs/detect/runs/e0/p3tv_yolo11m_640_s42_e30nv/weights/last.pt",
  "split": "val",
  "optimized_conf": 0.1,
  "precision": 0.5889101906852714,
  "recall": 0.6627402704837965,
  "f1": 0.6236477533845632,
  "map50": 0.6334254056215615,
  "map50_95": 0.3590709241794332,
  "accuracy": 0.7623833452979182,
  "support_total": 2786,
  "predicted_total": 5028,
  "missed_gt_total": 241,
  "false_positive_total": 2483,
  "macro_avg": {
    "precision": 0.4630574894496025,
    "recall": 0.7395403130349136,
    "f1": 0.5647626801731047
  },
  "weighted_avg": {
    "precision": 0.42945997932734453,
    "recall": 0.7623833452979182,
    "f1": 0.5443333471087798
  },
  "per_class": [
    {
      "class_idx": 0,
      "class_name": "B1",
      "precision": 0.6508728179551122,
      "recall": 0.867109634551495,
      "f1": 0.7435897435897436,
      "support": 301,
      "predicted": 401,
      "true_positive": 261,
      "false_positive": 140,
      "false_negative": 40,
      "missed_gt": 6,
      "map50": 0.8737836204664273,
      "map50_95": 0.5474975210926198,
      "ultralytics_precision": 0.741549813532709,
      "ultralytics_recall": 0.8604651162790697
    },
    {
      "class_idx": 1,
      "class_name": "B2",
      "precision": 0.42224744608399545,
      "recall": 0.6078431372549019,
      "f1": 0.4983255190890824,
      "support": 612,
      "predicted": 881,
      "true_positive": 372,
      "false_positive": 509,
      "false_negative": 240,
      "missed_gt": 52,
      "map50": 0.5182337803093789,
      "map50_95": 0.3074574371890827,
      "ultralytics_precision": 0.5105697771892009,
      "ultralytics_recall": 0.5849673202614379
    },
    {
      "class_idx": 2,
      "class_name": "B3",
      "precision": 0.40590925079141754,
      "recall": 0.8749052312357847,
      "f1": 0.5545410860163382,
      "support": 1319,
      "predicted": 2843,
      "true_positive": 1154,
      "false_positive": 1689,
      "false_negative": 165,
      "missed_gt": 106,
      "map50": 0.6467650027675547,
      "map50_95": 0.3485109183426118,
      "ultralytics_precision": 0.5437626089080856,
      "ultralytics_recall": 0.7763457164518575
    },
    {
      "class_idx": 3,
      "class_name": "B4",
      "precision": 0.37320044296788485,
      "recall": 0.6083032490974729,
      "f1": 0.46259437199725467,
      "support": 554,
      "predicted": 903,
      "true_positive": 337,
      "false_positive": 566,
      "false_negative": 217,
      "missed_gt": 77,
      "map50": 0.494919218942885,
      "map50_95": 0.23281782009341856,
      "ultralytics_precision": 0.5597585631110897,
      "ultralytics_recall": 0.42918292894282084
    }
  ],
  "confusion_matrix": {
    "classes": [
      "B1",
      "B2",
      "B3",
      "B4"
    ],
    "counts": [
      [
        261,
        33,
        1,
        0
      ],
      [
        12,
        372,
        167,
        9
      ],
      [
        0,
        24,
        1154,
        35
      ],
      [
        1,
        4,
        135,
        337
      ]
    ],
    "row_normalized": [
      {
        "pred_0": 0.867109634551495,
        "pred_1": 0.10963455149501661,
        "pred_2": 0.0033222591362126247,
        "pred_3": 0.0,
        "missed_gt": 0.019933554817275746
      },
      {
        "pred_0": 0.0196078431372549,
        "pred_1": 0.6078431372549019,
        "pred_2": 0.272875816993464,
        "pred_3": 0.014705882352941176,
        "missed_gt": 0.08496732026143791
      },
      {
        "pred_0": 0.0,
        "pred_1": 0.01819560272934041,
        "pred_2": 0.8749052312357847,
        "pred_3": 0.026535253980288095,
        "missed_gt": 0.0803639120545868
      },
      {
        "pred_0": 0.0018050541516245488,
        "pred_1": 0.007220216606498195,
        "pred_2": 0.24368231046931407,
        "pred_3": 0.6083032490974729,
        "missed_gt": 0.13898916967509026
      }
    ],
    "missed_by_class": {
      "B1": 6,
      "B2": 52,
      "B3": 106,
      "B4": 77
    },
    "false_positive_by_class": {
      "B1": 127,
      "B2": 448,
      "B3": 1386,
      "B4": 522
    },
    "largest_confusions": [
      {
        "true_class": "B2",
        "pred_class": "B3",
        "count": 167
      },
      {
        "true_class": "B4",
        "pred_class": "B3",
        "count": 135
      },
      {
        "true_class": "B3",
        "pred_class": "B4",
        "count": 35
      },
      {
        "true_class": "B1",
        "pred_class": "B2",
        "count": 33
      },
      {
        "true_class": "B3",
        "pred_class": "B2",
        "count": 24
      },
      {
        "true_class": "B2",
        "pred_class": "B1",
        "count": 12
      }
    ]
  },
  "top_errors": [
    {
      "image_path": "/workspace/Dataset-Sawit-YOLO/images/val/DAMIMAS_A21B_0654_1.jpg",
      "tp": 2,
      "confusions": 5,
      "missed_gt": 0,
      "false_positive": 8,
      "error_score": 18,
      "categories": "B2_B3_confusion;false_positive",
      "branch": "one_stage",
      "candidate": "yolo11m",
      "checkpoint": "last",
      "split": "val"
    },
    {
      "image_path": "/workspace/Dataset-Sawit-YOLO/images/val/DAMIMAS_A21B_0221_1.jpg",
      "tp": 2,
      "confusions": 2,
      "missed_gt": 3,
      "false_positive": 8,
      "error_score": 18,
      "categories": "B2_B3_confusion;B3_B4_confusion;false_positive",
      "branch": "one_stage",
      "candidate": "yolo11m",
      "checkpoint": "last",
      "split": "val"
    },
    {
      "image_path": "/workspace/Dataset-Sawit-YOLO/images/val/DAMIMAS_A21B_0293_4.jpg",
      "tp": 1,
      "confusions": 1,
      "missed_gt": 4,
      "false_positive": 7,
      "error_score": 17,
      "categories": "B3_B4_confusion;false_positive",
      "branch": "one_stage",
      "candidate": "yolo11m",
      "checkpoint": "last",
      "split": "val"
    },
    {
      "image_path": "/workspace/Dataset-Sawit-YOLO/images/val/DAMIMAS_A21B_0392_1.jpg",
      "tp": 3,
      "confusions": 1,
      "missed_gt": 2,
      "false_positive": 11,
      "error_score": 17,
      "categories": "B2_B3_confusion;B4_missed;false_positive",
      "branch": "one_stage",
      "candidate": "yolo11m",
      "checkpoint": "last",
      "split": "val"
    },
    {
      "image_path": "/workspace/Dataset-Sawit-YOLO/images/val/DAMIMAS_A21B_0714_2.jpg",
      "tp": 1,
      "confusions": 1,
      "missed_gt": 2,
      "false_positive": 11,
      "error_score": 17,
      "categories": "B2_B3_confusion;false_positive",
      "branch": "one_stage",
      "candidate": "yolo11m",
      "checkpoint": "last",
      "split": "val"
    },
    {
      "image_path": "/workspace/Dataset-Sawit-YOLO/images/val/DAMIMAS_A21B_0079_1.jpg",
      "tp": 3,
      "confusions": 4,
      "missed_gt": 0,
      "false_positive": 8,
      "error_score": 16,
      "categories": "B3_B4_confusion;false_positive",
      "branch": "one_stage",
      "candidate": "yolo11m",
      "checkpoint": "last",
      "split": "val"
    },
    {
      "image_path": "/workspace/Dataset-Sawit-YOLO/images/val/DAMIMAS_A21B_0449_3.jpg",
      "tp": 3,
      "confusions": 2,
      "missed_gt": 1,
      "false_positive": 10,
      "error_score": 16,
      "categories": "B2_B3_confusion;B3_B4_confusion;false_positive",
      "branch": "one_stage",
      "candidate": "yolo11m",
      "checkpoint": "last",
      "split": "val"
    },
    {
      "image_path": "/workspace/Dataset-Sawit-YOLO/images/val/DAMIMAS_A21B_0038_2.jpg",
      "tp": 2,
      "confusions": 1,
      "missed_gt": 2,
      "false_positive": 10,
      "error_score": 16,
      "categories": "false_positive",
      "branch": "one_stage",
      "candidate": "yolo11m",
      "checkpoint": "last",