{
  "metric_schema": "detection",
  "run_name": "p3tv_yolo11m_640_s42_e30nv",
  "branch": "one_stage",
  "candidate": "yolo11m",
  "checkpoint": "last",
  "weight_path": "/workspace/brand-new-yolo/runs/detect/runs/e0/p3tv_yolo11m_640_s42_e30nv/weights/last.pt",
  "split": "test",
  "optimized_conf": 0.1,
  "precision": 0.5037501257974473,
  "recall": 0.5990893237921601,
  "f1": 0.5472987429612025,
  "map50": 0.5081266708825962,
  "map50_95": 0.2693233550109562,
  "accuracy": 0.6495425756509501,
  "support_total": 2842,
  "predicted_total": 4989,
  "missed_gt_total": 449,
  "false_positive_total": 2596,
  "macro_avg": {
    "precision": 0.4106365100090654,
    "recall": 0.6166708382669701,
    "f1": 0.485989488650246
  },
  "weighted_avg": {
    "precision": 0.37900666268920674,
    "recall": 0.6495425756509501,
    "f1": 0.47166540627705855
  },
  "per_class": [
    {
      "class_idx": 0,
      "class_name": "B1",
      "precision": 0.6481012658227848,
      "recall": 0.7619047619047619,
      "f1": 0.7004103967168263,
      "support": 336,
      "predicted": 395,
      "true_positive": 256,
      "false_positive": 139,
      "false_negative": 80,
      "missed_gt": 24,
      "map50": 0.8132639617977768,
      "map50_95": 0.493822439510813,
      "ultralytics_precision": 0.7362526214009923,
      "ultralytics_recall": 0.7857142857142857
    },
    {
      "class_idx": 1,
      "class_name": "B2",
      "precision": 0.34809348093480935,
      "recall": 0.45792880258899676,
      "f1": 0.39552760307477286,
      "support": 618,
      "predicted": 813,
      "true_positive": 283,
      "false_positive": 530,
      "false_negative": 335,
      "missed_gt": 75,
      "map50": 0.3612489346150253,
      "map50_95": 0.1902563508921657,
      "ultralytics_precision": 0.41387531772757163,
      "ultralytics_recall": 0.5050257073715192
    },
    {
      "class_idx": 2,
      "class_name": "B3",
      "precision": 0.3659043659043659,
      "recall": 0.7862993298585257,
      "f1": 0.4994088436982738,
      "support": 1343,
      "predicted": 2886,
      "true_positive": 1056,
      "false_positive": 1830,
      "false_negative": 287,
      "missed_gt": 214,
      "map50": 0.5207741077052148,
      "map50_95": 0.25252947479589233,
      "ultralytics_precision": 0.47117895815134375,
      "ultralytics_recall": 0.7386448250186151
    },
    {
      "class_idx": 3,
      "class_name": "B4",
      "precision": 0.28044692737430166,
      "recall": 0.46055045871559636,
      "f1": 0.3486111111111111,
      "support": 545,
      "predicted": 895,
      "true_positive": 251,
      "false_positive": 644,
      "false_negative": 294,
      "missed_gt": 136,
      "map50": 0.33721967941236763,
      "map50_95": 0.14068515484495378,
      "ultralytics_precision": 0.39369360590988156,
      "ultralytics_recall": 0.3669724770642202
    }
  ],
  "confusion_matrix": {
    "classes": [
      "B1",
      "B2",
      "B3",
      "B4"
    ],
    "counts": [
      [
        256,
        55,
        1,
        0
      ],
      [
        13,
        283,
        243,
        4
      ],
      [
        0,
        32,
        1056,
        41
      ],
      [
        0,
        2,
        156,
        251
      ]
    ],
    "row_normalized": [
      {
        "pred_0": 0.7619047619047619,
        "pred_1": 0.1636904761904762,
        "pred_2": 0.002976190476190476,
        "pred_3": 0.0,
        "missed_gt": 0.07142857142857142
      },
      {
        "pred_0": 0.021035598705501618,
        "pred_1": 0.45792880258899676,
        "pred_2": 0.3932038834951456,
        "pred_3": 0.006472491909385114,
        "missed_gt": 0.12135922330097088
      },
      {
        "pred_0": 0.0,
        "pred_1": 0.023827252419955324,
        "pred_2": 0.7862993298585257,
        "pred_3": 0.03052866716306776,
        "missed_gt": 0.15934475055845124
      },
      {
        "pred_0": 0.0,
        "pred_1": 0.003669724770642202,
        "pred_2": 0.28623853211009176,
        "pred_3": 0.46055045871559636,
        "missed_gt": 0.24954128440366974
      }
    ],
    "missed_by_class": {
      "B1": 24,
      "B2": 75,
      "B3": 214,
      "B4": 136
    },
    "false_positive_by_class": {
      "B1": 126,
      "B2": 441,
      "B3": 1430,
      "B4": 599
    },
    "largest_confusions": [
      {
        "true_class": "B2",
        "pred_class": "B3",
        "count": 243
      },
      {
        "true_class": "B4",
        "pred_class": "B3",
        "count": 156
      },
      {
        "true_class": "B1",
        "pred_class": "B2",
        "count": 55
      },
      {
        "true_class": "B3",
        "pred_class": "B4",
        "count": 41
      },
      {
        "true_class": "B3",
        "pred_class": "B2",
        "count": 32
      },
      {
        "true_class": "B2",
        "pred_class": "B1",
        "count": 13
      }
    ]
  },
  "top_errors": [
    {
      "image_path": "/workspace/Dataset-Sawit-YOLO/images/test/DAMIMAS_A21B_0107_1.jpg",
      "tp": 3,
      "confusions": 3,
      "missed_gt": 2,
      "false_positive": 13,
      "error_score": 23,
      "categories": "B2_B3_confusion;false_positive",
      "branch": "one_stage",
      "candidate": "yolo11m",
      "checkpoint": "last",
      "split": "test"
    },
    {
      "image_path": "/workspace/Dataset-Sawit-YOLO/images/test/DAMIMAS_A21B_0075_4.jpg",
      "tp": 3,
      "confusions": 4,
      "missed_gt": 2,
      "false_positive": 7,
      "error_score": 19,
      "categories": "B2_B3_confusion;B3_B4_confusion;B4_missed;false_positive",
      "branch": "one_stage",
      "candidate": "yolo11m",
      "checkpoint": "last",
      "split": "test"
    },
    {
      "image_path": "/workspace/Dataset-Sawit-YOLO/images/test/DAMIMAS_A21B_0075_2.jpg",
      "tp": 3,
      "confusions": 4,
      "missed_gt": 0,
      "false_positive": 11,
      "error_score": 19,
      "categories": "B2_B3_confusion;B3_B4_confusion;false_positive",
      "branch": "one_stage",
      "candidate": "yolo11m",
      "checkpoint": "last",
      "split": "test"
    },
    {
      "image_path": "/workspace/Dataset-Sawit-YOLO/images/test/DAMIMAS_A21B_0075_3.jpg",
      "tp": 2,
      "confusions": 5,
      "missed_gt": 1,
      "false_positive": 6,
      "error_score": 18,
      "categories": "B2_B3_confusion;B3_B4_confusion;false_positive",
      "branch": "one_stage",
      "candidate": "yolo11m",
      "checkpoint": "last",
      "split": "test"
    },
    {
      "image_path": "/workspace/Dataset-Sawit-YOLO/images/test/DAMIMAS_A21B_0264_4.jpg",
      "tp": 1,
      "confusions": 4,
      "missed_gt": 1,
      "false_positive": 7,
      "error_score": 17,
      "categories": "B2_B3_confusion;B3_B4_confusion;false_positive",
      "branch": "one_stage",
      "candidate": "yolo11m",
      "checkpoint": "last",
      "split": "test"
    },
    {
      "image_path": "/workspace/Dataset-Sawit-YOLO/images/test/DAMIMAS_A21B_0579_2.jpg",
      "tp": 4,
      "confusions": 3,
      "missed_gt": 1,
      "false_positive": 9,
      "error_score": 17,
      "categories": "B2_B3_confusion;B3_B4_confusion;false_positive",
      "branch": "one_stage",
      "candidate": "yolo11m",
      "checkpoint": "last",
      "split": "test"
    },
    {
      "image_path": "/workspace/Dataset-Sawit-YOLO/images/test/DAMIMAS_A21B_0052_3.jpg",
      "tp": 2,
      "confusions": 3,
      "missed_gt": 0,
      "false_positive": 11,
      "error_score": 17,
      "categories": "B2_B3_confusion;B3_B4_confusion;false_positive",
      "branch": "one_stage",
      "candidate": "yolo11m",
      "checkpoint": "last",
      "split": "test"
    },
    {
      "image_path": "/workspace/Dataset-Sawit-YOLO/images/test/DAMIMAS_A21B_0677_2.jpg",
      "tp": 3,
      "confusions": 2,
      "missed_gt": 1,
      "false_positive": 11,
      "error_score": 17,
      "categories": "B3_B4_confusion;false_positive",
      "branch": "one_stage",
      "candidate": "yolo11m",
      "checkpoint": "last",