{
  "run_name": "p2confirm_yolo11m_640_s3_e30p10m30",
  "split": "val",
  "precision": 0.5065521828348629,
  "recall": 0.6041983114888817,
  "map50": 0.5390231494122324,
  "map50_95": 0.2594309915820038,
  "per_class": [
    {
      "class_idx": 0,
      "class_name": "B1",
      "precision": 0.6678989674315969,
      "recall": 0.8006644518272426,
      "map50": 0.8049695056831994,
      "map50_95": 0.43063089829888324
    },
    {
      "class_idx": 1,
      "class_name": "B2",
      "precision": 0.4249450800244468,
      "recall": 0.5192073762507213,
      "map50": 0.4041898492276841,
      "map50_95": 0.20265167146346025
    },
    {
      "class_idx": 2,
      "class_name": "B3",
      "precision": 0.4968547168554417,
      "recall": 0.7232752084912812,
      "map50": 0.5716162322118615,
      "map50_95": 0.26066375694769384
    },
    {
      "class_idx": 3,
      "class_name": "B4",
      "precision": 0.43650996702796613,
      "recall": 0.37364620938628157,
      "map50": 0.3753170105261848,
      "map50_95": 0.14377763961797782
    }
  ],
  "confusion_b2_b3": null,
  "confusion_b3_b4": null,
  "b4_recall": 0.37364620938628157,
  "all_classes_ge_70_ap50": false
}