{
  "run_name": "p2s1_lr002_yolo11m_640_s2_e30p10m30",
  "split": "val",
  "precision": 0.5134639063501052,
  "recall": 0.5863160609934484,
  "map50": 0.5375282136771045,
  "map50_95": 0.2623811567525434,
  "per_class": [
    {
      "class_idx": 0,
      "class_name": "B1",
      "precision": 0.6559390654289023,
      "recall": 0.8338870431893688,
      "map50": 0.8130501388331067,
      "map50_95": 0.44039942944797916
    },
    {
      "class_idx": 1,
      "class_name": "B2",
      "precision": 0.4445950052643802,
      "recall": 0.4738562091503268,
      "map50": 0.418091711770858,
      "map50_95": 0.21549279964635942
    },
    {
      "class_idx": 2,
      "class_name": "B3",
      "precision": 0.5068950046667785,
      "recall": 0.6823351023502654,
      "map50": 0.5677227815052472,
      "map50_95": 0.25822412452733523
    },
    {
      "class_idx": 3,
      "class_name": "B4",
      "precision": 0.44642655004035947,
      "recall": 0.3551858892838326,
      "map50": 0.3512482225992058,
      "map50_95": 0.1354082733884998
    }
  ],
  "confusion_b2_b3": null,
  "confusion_b3_b4": null,
  "b4_recall": 0.3551858892838326,
  "all_classes_ge_70_ap50": false
}