{
  "run_name": "p2s1_lr002_yolo11m_640_s1_e30p10m30",
  "split": "val",
  "precision": 0.5121295483155165,
  "recall": 0.5747555511797164,
  "map50": 0.5300859996122848,
  "map50_95": 0.2549906728780491,
  "per_class": [
    {
      "class_idx": 0,
      "class_name": "B1",
      "precision": 0.6293583379300043,
      "recall": 0.8305647840531561,
      "map50": 0.7916029461074278,
      "map50_95": 0.42219922356651607
    },
    {
      "class_idx": 1,
      "class_name": "B2",
      "precision": 0.44024085557003856,
      "recall": 0.46895424836601307,
      "map50": 0.4131215063240377,
      "map50_95": 0.20617173803830005
    },
    {
      "class_idx": 2,
      "class_name": "B3",
      "precision": 0.5143137447059289,
      "recall": 0.6872288040686496,
      "map50": 0.5660925002646974,
      "map50_95": 0.25820739478448773
    },
    {
      "class_idx": 3,
      "class_name": "B4",
      "precision": 0.46460525505609435,
      "recall": 0.31227436823104693,
      "map50": 0.3495270457529763,
      "map50_95": 0.1333843351228925
    }
  ],
  "confusion_b2_b3": null,
  "confusion_b3_b4": null,
  "b4_recall": 0.31227436823104693,
  "all_classes_ge_70_ap50": false
}