{
  "run_name": "p2s2_bs8_yolo11m_640_s1_e30p10m30",
  "split": "val",
  "precision": 0.49887456427189103,
  "recall": 0.5988825022785832,
  "map50": 0.5339185002843873,
  "map50_95": 0.25598818921567706,
  "per_class": [
    {
      "class_idx": 0,
      "class_name": "B1",
      "precision": 0.6737347386829927,
      "recall": 0.8239202657807309,
      "map50": 0.8187186577020737,
      "map50_95": 0.4363234401676202
    },
    {
      "class_idx": 1,
      "class_name": "B2",
      "precision": 0.43319177637417766,
      "recall": 0.4493464052287582,
      "map50": 0.3916676123680461,
      "map50_95": 0.19489182381990555
    },
    {
      "class_idx": 2,
      "class_name": "B3",
      "precision": 0.5030998242650426,
      "recall": 0.6944655041698257,
      "map50": 0.5588481745733014,
      "map50_95": 0.2560039206420252
    },
    {
      "class_idx": 3,
      "class_name": "B4",
      "precision": 0.3854719177653511,
      "recall": 0.427797833935018,
      "map50": 0.3664395564941278,
      "map50_95": 0.1367335722331572
    }
  ],
  "confusion_b2_b3": null,
  "confusion_b3_b4": null,
  "b4_recall": 0.427797833935018,
  "all_classes_ge_70_ap50": false
}