{
  "run_name": "p2s2_bs8_yolo11m_640_s2_e30p10m30",
  "split": "val",
  "precision": 0.5010754993034198,
  "recall": 0.5869281376956578,
  "map50": 0.5302695898692458,
  "map50_95": 0.2587745743660281,
  "per_class": [
    {
      "class_idx": 0,
      "class_name": "B1",
      "precision": 0.6508954799815461,
      "recall": 0.8372093023255814,
      "map50": 0.8196870726966331,
      "map50_95": 0.44685415526519146
    },
    {
      "class_idx": 1,
      "class_name": "B2",
      "precision": 0.40960976596996823,
      "recall": 0.5016339869281046,
      "map50": 0.4057101233844641,
      "map50_95": 0.2000052234959205
    },
    {
      "class_idx": 2,
      "class_name": "B3",
      "precision": 0.5073823045384338,
      "recall": 0.6785443517816527,
      "map50": 0.5551561198706796,
      "map50_95": 0.2559274033901811
    },
    {
      "class_idx": 3,
      "class_name": "B4",
      "precision": 0.436414446723731,
      "recall": 0.3303249097472924,
      "map50": 0.3405250435252062,
      "map50_95": 0.1323115153128191
    }
  ],
  "confusion_b2_b3": null,
  "confusion_b3_b4": null,
  "b4_recall": 0.3303249097472924,
  "all_classes_ge_70_ap50": false
}