{
  "run_name": "p2s3_medium_yolo11m_640_s2_e30p10m30",
  "split": "val",
  "precision": 0.5073827994663221,
  "recall": 0.5936676625664656,
  "map50": 0.5333043027717154,
  "map50_95": 0.25482970755411005,
  "per_class": [
    {
      "class_idx": 0,
      "class_name": "B1",
      "precision": 0.6978565884240301,
      "recall": 0.8172757475083057,
      "map50": 0.8249351748633532,
      "map50_95": 0.4376255450408258
    },
    {
      "class_idx": 1,
      "class_name": "B2",
      "precision": 0.39692723129841073,
      "recall": 0.5261437908496732,
      "map50": 0.3948800967955617,
      "map50_95": 0.19511808613511256
    },
    {
      "class_idx": 2,
      "class_name": "B3",
      "precision": 0.5158063119925859,
      "recall": 0.6557998483699773,
      "map50": 0.5668880468901166,
      "map50_95": 0.25662426918681847
    },
    {
      "class_idx": 3,
      "class_name": "B4",
      "precision": 0.4189410661502619,
      "recall": 0.37545126353790614,
      "map50": 0.34651389253782977,
      "map50_95": 0.12995092985368334
    }
  ],
  "confusion_b2_b3": null,
  "confusion_b3_b4": null,
  "b4_recall": 0.37545126353790614,
  "all_classes_ge_70_ap50": false
}