{
  "run_name": "p2s3_medium_yolo11m_640_s1_e30p10m30",
  "split": "val",
  "precision": 0.49302164509270796,
  "recall": 0.6125598267644682,
  "map50": 0.5366472430833034,
  "map50_95": 0.2605766728273081,
  "per_class": [
    {
      "class_idx": 0,
      "class_name": "B1",
      "precision": 0.6220098479517342,
      "recall": 0.867109634551495,
      "map50": 0.8151250457597491,
      "map50_95": 0.437443424721108
    },
    {
      "class_idx": 1,
      "class_name": "B2",
      "precision": 0.4405678486553486,
      "recall": 0.4934640522875817,
      "map50": 0.41829550710305985,
      "map50_95": 0.21351887466462993
    },
    {
      "class_idx": 2,
      "class_name": "B3",
      "precision": 0.4688875188054942,
      "recall": 0.7376800606520091,
      "map50": 0.5662990821156083,
      "map50_95": 0.2545930393381514
    },
    {
      "class_idx": 3,
      "class_name": "B4",
      "precision": 0.4406213649582548,
      "recall": 0.351985559566787,
      "map50": 0.3468693373547962,
      "map50_95": 0.13675135258534316
    }
  ],
  "confusion_b2_b3": null,
  "confusion_b3_b4": null,
  "b4_recall": 0.351985559566787,
  "all_classes_ge_70_ap50": false
}