{
  "run_name": "p2s3_light_yolo11m_640_s2_e30p10m30",
  "split": "val",
  "precision": 0.49645582630455476,
  "recall": 0.5904171481057363,
  "map50": 0.5261448337166226,
  "map50_95": 0.2527083897261651,
  "per_class": [
    {
      "class_idx": 0,
      "class_name": "B1",
      "precision": 0.6683451422569191,
      "recall": 0.8372093023255814,
      "map50": 0.8104122992245383,
      "map50_95": 0.43741364931371696
    },
    {
      "class_idx": 1,
      "class_name": "B2",
      "precision": 0.4132139817088798,
      "recall": 0.4803921568627451,
      "map50": 0.39999349569612047,
      "map50_95": 0.19775584915924976
    },
    {
      "class_idx": 2,
      "class_name": "B3",
      "precision": 0.5135402984487508,
      "recall": 0.6595905989385898,
      "map50": 0.5582369330736197,
      "map50_95": 0.24711592751354017
    },
    {
      "class_idx": 3,
      "class_name": "B4",
      "precision": 0.3907238828036691,
      "recall": 0.3844765342960289,
      "map50": 0.3359366068722116,
      "map50_95": 0.12854813291815365
    }
  ],
  "confusion_b2_b3": null,
  "confusion_b3_b4": null,
  "b4_recall": 0.3844765342960289,
  "all_classes_ge_70_ap50": false
}