{
  "run_name": "p2s3_light_yolo11m_640_s1_e30p10m30",
  "split": "val",
  "precision": 0.49683704553734154,
  "recall": 0.589512318329836,
  "map50": 0.5250220354722808,
  "map50_95": 0.24968721427231205,
  "per_class": [
    {
      "class_idx": 0,
      "class_name": "B1",
      "precision": 0.6503553648023463,
      "recall": 0.8637873754152824,
      "map50": 0.8182402428401151,
      "map50_95": 0.42949248310294896
    },
    {
      "class_idx": 1,
      "class_name": "B2",
      "precision": 0.40629414222288013,
      "recall": 0.49019607843137253,
      "map50": 0.40011827423881346,
      "map50_95": 0.195490348320329
    },
    {
      "class_idx": 2,
      "class_name": "B3",
      "precision": 0.5106758146175382,
      "recall": 0.623199393479909,
      "map50": 0.5455055795785502,
      "map50_95": 0.24827697765142887
    },
    {
      "class_idx": 3,
      "class_name": "B4",
      "precision": 0.4200228605066013,
      "recall": 0.38086642599277976,
      "map50": 0.33622404523164423,
      "map50_95": 0.1254890480145414
    }
  ],
  "confusion_b2_b3": null,
  "confusion_b3_b4": null,
  "b4_recall": 0.38086642599277976,
  "all_classes_ge_70_ap50": false
}