metric,value
optimized_conf,0.1
precision,0.47629844652241093
recall,0.5537874150529214
map50,0.4654246839520625
map50_95,0.23672363125737297
confusion_b2_b3,
all_classes_ge70_ap50,False
