{
  "run_name": "p3_final_yolo11m_640_s42_e60p15m60",
  "split": "test",
  "precision": 0.47629844652241093,
  "recall": 0.5537874150529214,
  "map50": 0.4677363979544993,
  "map50_95": 0.2214749388595758,
  "per_class": [
    {
      "class_idx": 0,
      "class_name": "B1",
      "precision": 0.7237374281555837,
      "recall": 0.7261904761904762,
      "map50": 0.7821203254749924,
      "map50_95": 0.4246338617695371
    },
    {
      "class_idx": 1,
      "class_name": "B2",
      "precision": 0.3932282667221962,
      "recall": 0.4181523500810373,
      "map50": 0.32657258974872483,
      "map50_95": 0.14814949980849795
    },
    {
      "class_idx": 2,
      "class_name": "B3",
      "precision": 0.460258201736732,
      "recall": 0.6909903201787044,
      "map50": 0.4880428222440093,
      "map50_95": 0.21383478942756548
    },
    {
      "class_idx": 3,
      "class_name": "B4",
      "precision": 0.3279698894751317,
      "recall": 0.3798165137614679,
      "map50": 0.2742098543502704,
      "map50_95": 0.09928160443270262
    }
  ],
  "confusion_b2_b3": null,
  "confusion_b3_b4": null,
  "b4_recall": 0.3798165137614679,
  "all_classes_ge_70_ap50": false
}