{
  "run_name": "p3os_yolo11m_640_s42_e60fix",
  "split": "val",
  "precision": 0.5010918388470724,
  "recall": 0.5629941040412151,
  "map50": 0.5048478460079675,
  "map50_95": 0.22939318564258399,
  "per_class": [
    {
      "class_idx": 0,
      "class_name": "B1",
      "precision": 0.7109081977270736,
      "recall": 0.7516231905904163,
      "map50": 0.7827646988043439,
      "map50_95": 0.4122798011796759
    },
    {
      "class_idx": 1,
      "class_name": "B2",
      "precision": 0.3982343834479868,
      "recall": 0.4444444444444444,
      "map50": 0.3712434093576748,
      "map50_95": 0.16850078557138473
    },
    {
      "class_idx": 2,
      "class_name": "B3",
      "precision": 0.4920305153686655,
      "recall": 0.6732373009855952,
      "map50": 0.5315779140538367,
      "map50_95": 0.2254860151242013
    },
    {
      "class_idx": 3,
      "class_name": "B4",
      "precision": 0.40319425884456406,
      "recall": 0.38267148014440433,
      "map50": 0.3338053618160147,
      "map50_95": 0.11130614069507394
    }
  ],
  "confusion_b2_b3": null,
  "confusion_b3_b4": null,
  "b4_recall": 0.38267148014440433,
  "all_classes_ge_70_ap50": false
}