{
  "run_name": "p3os_yolov8s_640_s42_e60fix",
  "split": "val",
  "precision": 0.5053514288288228,
  "recall": 0.5352247862211477,
  "map50": 0.4702203540787192,
  "map50_95": 0.20779397413804662,
  "per_class": [
    {
      "class_idx": 0,
      "class_name": "B1",
      "precision": 0.7088858039928927,
      "recall": 0.6910299003322259,
      "map50": 0.7321359770384631,
      "map50_95": 0.3578219724059611
    },
    {
      "class_idx": 1,
      "class_name": "B2",
      "precision": 0.40294748607706565,
      "recall": 0.42320261437908496,
      "map50": 0.3421658731726843,
      "map50_95": 0.15954259050629208
    },
    {
      "class_idx": 2,
      "class_name": "B3",
      "precision": 0.486469100276653,
      "recall": 0.66565579984837,
      "map50": 0.503602411192853,
      "map50_95": 0.2069418508822994
    },
    {
      "class_idx": 3,
      "class_name": "B4",
      "precision": 0.4231033249686799,
      "recall": 0.36101083032490977,
      "map50": 0.3029771549108764,
      "map50_95": 0.106869482757634
    }
  ],
  "confusion_b2_b3": null,
  "confusion_b3_b4": null,
  "b4_recall": 0.36101083032490977,
  "all_classes_ge_70_ap50": false
}