{
  "run_name": "p3ts_stage1_singlecls_yolo11n_640_s42_e30p10m30",
  "split": "val",
  "precision": 0.8088763796771667,
  "recall": 0.7276494522491271,
  "map50": 0.8157740777927364,
  "map50_95": 0.3793428721567066,
  "per_class": [
    {
      "class_idx": 0,
      "class_name": "item",
      "precision": 0.8088763796771667,
      "recall": 0.7276494522491271,
      "map50": 0.8157740777927364,
      "map50_95": 0.3793428721567066
    }
  ],
  "confusion_b2_b3": null,
  "confusion_b3_b4": null,
  "b4_recall": null,
  "all_classes_ge_70_ap50": true
}