{
  "run_name": "p3tv_yolo11m_640_s42_e30nv",
  "split": "val",
  "precision": 0.5889101906852714,
  "recall": 0.6627402704837965,
  "map50": 0.6410219344470023,
  "map50_95": 0.3476618955433035,
  "per_class": [
    {
      "class_idx": 0,
      "class_name": "B1",
      "precision": 0.741549813532709,
      "recall": 0.8604651162790697,
      "map50": 0.8812091895492483,
      "map50_95": 0.5311421680933537
    },
    {
      "class_idx": 1,
      "class_name": "B2",
      "precision": 0.5105697771892009,
      "recall": 0.5849673202614379,
      "map50": 0.526502616671751,
      "map50_95": 0.2970635907897255
    },
    {
      "class_idx": 2,
      "class_name": "B3",
      "precision": 0.5437626089080856,
      "recall": 0.7763457164518575,
      "map50": 0.6508971036002513,
      "map50_95": 0.33725606132397085
    },
    {
      "class_idx": 3,
      "class_name": "B4",
      "precision": 0.5597585631110897,
      "recall": 0.42918292894282084,
      "map50": 0.5054788279667581,
      "map50_95": 0.22518576196616413
    }
  ],
  "confusion_b2_b3": null,
  "confusion_b3_b4": null,
  "b4_recall": 0.42918292894282084,
  "all_classes_ge_70_ap50": false
}