{
  "run_name": "p3tv_yolov8s_640_s42_e30nv",
  "split": "val",
  "precision": 0.6220187776545757,
  "recall": 0.690410853893451,
  "map50": 0.6723518875905886,
  "map50_95": 0.36656730532728177,
  "per_class": [
    {
      "class_idx": 0,
      "class_name": "B1",
      "precision": 0.7871369769928455,
      "recall": 0.8803986710963455,
      "map50": 0.8968516560052928,
      "map50_95": 0.5405733720083938
    },
    {
      "class_idx": 1,
      "class_name": "B2",
      "precision": 0.5387117373311532,
      "recall": 0.5882352941176471,
      "map50": 0.5630957264189863,
      "map50_95": 0.320216404359896
    },
    {
      "class_idx": 2,
      "class_name": "B3",
      "precision": 0.5593907192193444,
      "recall": 0.7912043962081869,
      "map50": 0.6797581481639178,
      "map50_95": 0.35736139425147584
    },
    {
      "class_idx": 3,
      "class_name": "B4",
      "precision": 0.6028356770749598,
      "recall": 0.5018050541516246,
      "map50": 0.5497020197741578,
      "map50_95": 0.24811805068936144
    }
  ],
  "confusion_b2_b3": null,
  "confusion_b3_b4": null,
  "b4_recall": 0.5018050541516246,
  "all_classes_ge_70_ap50": false
}