conf,precision,recall,map50,map50_95,confusion_b2_b3,b4_recall
0.1,0.7032004642709199,0.6995294487792706,0.7394573625340508,0.44992855513476615,,0.5415162454873647
0.2,0.7032004642709199,0.6995294487792706,0.721822592585142,0.44745302470695236,,0.5415162454873647
0.3,0.7152047174868444,0.6820915261310179,0.7086141739289439,0.44841561266204677,,0.5180505415162455
0.4,0.7852987314971094,0.5860290761291354,0.6862277114043711,0.44288906560677227,,0.4151624548736462
0.5,0.830636861621167,0.47167842770229634,0.6515110862073754,0.4311169982530794,,0.27978339350180503
